,FDR corrected P-value Ctrl Tc vs. wo Tc,FDR corrected P-value IBD Tc vs. Ctrl Tc,FDR corrected P-value IBD Tc vs. wo Tc
A2M,0.05349706473301979,,0.05559957284095215
AADAT,1.0,,1.0
ABCA1,,,0.08689514078735636
ABCA5,,0.1849874263667367,0.06201490816875432
ABCB1,1.0,1.0,1.0
ABCB8,,,1.0
ABCD4,1.0,,1.0
ABHD14B,0.6537738044111161,,0.6349112511515181
ABHD2,,,1.0
ABI3,0.9455240258417663,,0.9217527834728508
ABI3BP,0.09618664164118709,,0.10943807323897821
ABL1,1.0,1.0,
ABLIM1,1.0,,1.0
ABRACL,1.0,,
ACACB,1.0,,1.0
ACAP3,0.5913446348785657,,0.6039229587616685
ACAT2,,1.0,1.0
ACBD4,1.0,,1.0
ACER3,0.9924219473091653,,0.9366760407222834
ACIN1,1.0,,
ACKR3,,,0.10943807323897821
ACO1,,1.0,
ACOT8,1.0,,
ACSL4,,1.0,
ACSL5,0.1805987116331944,,0.1949304426916367
ACSL6,1.0,,0.9796785492988024
ACSS3,,,1.0
ACTA2,0.19108650546777636,,0.19171681976560026
ACTB,,1.0,1.0
ACTG1,0.3253020271653812,0.4651851644858638,
ACTL6A,0.2291505286157693,,
ACTN1,,0.7992211869762891,0.6053592216520197
ACTN2,,,1.0
ACTN4,1.0,,0.9977833930775106
ACTR10,1.0,,1.0
ACTR2,1.0,,
ACVR1C,,,1.0
ACVR2B,0.7147056000767792,,0.708176322158085
ADA2,0.4205760905760905,,0.40098644810686696
ADAM12,,,0.22712566621196062
ADAM19,0.17250865076952035,,0.19859319566064434
ADAM22,,0.4817223592733797,0.30736138861138856
ADAM33,0.2194425686045798,0.31402743597865546,
ADAM9,0.3223755411255411,0.5057108496598942,0.32892707292707296
ADAMTS1,,0.25545882688739835,0.14061519875473363
ADAMTS10,0.1805987116331944,,
ADAMTS12,,0.24907235621521337,0.18178879943585827
ADAMTS14,0.12926440075761342,0.3193235336092479,
ADAMTS4,0.6956698856698856,,0.6512575372510226
ADAMTS7,0.1400364341540812,,
ADAMTS8,,0.4585897972994747,
ADAMTS9,0.5732280877017719,0.7506559374691244,
ADAMTSL4,,,1.0
ADAR,1.0,,1.0
ADCK1,,,1.0
ADCY3,,,0.7156284036925963
ADCY4,0.5890192281944859,,0.5665694507004331
ADCY7,0.7740065063141985,,0.7229584574717317
ADCY9,0.6945682379980822,,0.6388705633988653
ADCYAP1,1.0,,
ADD3,1.0,,1.0
ADGRA2,,,0.6984803480178609
ADGRA3,0.20920594556958194,0.37180641141037185,0.2038130408916926
ADGRB1,,,1.0
ADGRG5,0.9875756621119184,,0.9666530085547007
ADM,0.04408554408554408,,0.05559957284095215
ADM2,,1.0,1.0
ADORA1,0.25179628064243453,,
ADORA2B,0.2070103809234244,,0.19171681976560026
ADPRH,1.0,,1.0
ADRA2C,,,0.20768981710809964
ADSL,1.0,,1.0
ADTRP,0.9518330101953796,,0.9348631418456854
AEBP1,,0.2314156431803491,0.09302236225313149
AES,1.0,,1.0
AFF1,0.6874372818193043,,0.6512575372510226
AFF2,1.0,,1.0
AGAP9,0.34077414520962906,,0.34418274033658647
AGFG2,1.0,,1.0
AGMAT,1.0,,1.0
AGO1,1.0,1.0,
AGO3,1.0,,1.0
AGPAT2,,,1.0
AGPAT3,,1.0,1.0
AGT,,,0.21812140114527384
AGTPBP1,1.0,1.0,
AHCYL2,,,0.06201490816875432
AHI1,1.0,,
AHNAK,1.0,,1.0
AHRR,1.0,,1.0
AIF1,0.05951548451548452,,0.04478854478854479
AIF1L,1.0,,
AK2,1.0,,1.0
AK5,,,0.8404089279420843
AKAP1,0.6411571520267173,,0.6074576586204493
AKAP10,0.10502732561556091,,0.07113474760533585
AKAP11,,0.9668676151434773,
AKAP12,0.05349706473301979,,0.08689514078735636
AKAP7,1.0,,1.0
AKAP8L,1.0,1.0,1.0
AKIRIN2,1.0,,1.0
AKNA,0.33454732640068685,,0.40239829494595525
AKR1B1,0.9608524006114367,,0.9468320377411286
AKT2,,,1.0
ALAS1,,,1.0
ALDH1A2,,,0.5758527187098617
ALDH1A3,,,0.9398942641516899
ALDH1L1,1.0,,1.0
ALDH2,1.0,,1.0
ALDH6A1,1.0,,
ALDOA,0.8550428777271878,,0.8598459334010997
ALDOC,1.0,1.0,
ALG13,0.08724783070332807,,0.09302236225313149
ALG8,,1.0,
ALG9,0.9785865198631156,,
ALKBH2,,,0.24939808393045804
ALKBH5,0.9253215366321291,,0.9305355164533706
ALOX5,0.286756425392789,,
ALOX5AP,0.1400364341540812,0.22587938377412065,0.10943807323897821
ALPK1,1.0,,
AMBRA1,,,1.0
AMER2,,0.3329773674601261,
AMFR,,,0.2819870712247394
AMMECR1,0.7943349235934407,,
AMOT,1.0,,1.0
AMOTL1,1.0,1.0,
AMOTL2,,0.7247318719016832,
AMPD3,0.19108650546777636,,0.1132101940612579
AMZ1,1.0,,
ANAPC10,,1.0,
ANGEL1,0.8311446773729172,0.9308847181187607,
ANGPT1,0.24462504913632732,,0.20330104677930766
ANGPTL2,,0.6861207462065831,0.4772571642007844
ANGPTL4,0.5748477244540237,,0.5690779808426867
ANKDD1A,,1.0,1.0
ANKFY1,1.0,,1.0
ANKH,0.40512294722821035,,
ANKRD11,,1.0,
ANKRD13B,1.0,,1.0
ANKRD28,1.0,,1.0
ANKRD29,1.0,,1.0
ANKRD34A,1.0,,
ANKRD37,0.829855636087379,,0.8354709949041216
ANKRD40,0.3852274997729543,0.5461006059808454,
ANKRD44,1.0,,
ANKRD46,,0.9636474636474636,
ANKRD55,0.8930025469535007,,
ANKS6,0.2276548588023998,,
ANO6,,1.0,
ANO8,0.965337068429852,,0.948463301404478
ANP32B,,,1.0
ANTXR1,0.07393227890122299,0.17166833166833168,
ANXA1,0.6537738044111161,,0.6668411122281747
ANXA11,0.44824953527485173,,0.48651637797802766
ANXA2,0.45380556943056943,,0.4721820653266257
ANXA3,,0.826058896855357,0.6593761841606669
ANXA4,,,0.3373659739082136
ANXA6,0.980018291091833,1.0,0.948463301404478
AOAH,0.21828028704819535,,0.18178879943585827
AOC2,,1.0,
AP1G2,,1.0,
AP1S1,,1.0,1.0
AP1S2,1.0,,1.0
AP3B2,,,1.0
AP3D1,1.0,,
APBA2,1.0,,1.0
APBB1,1.0,,
APBB1IP,1.0,,1.0
APBB3,,,1.0
APCDD1,0.7384676312121108,,
APLN,,,0.1293891293891294
APLP2,,0.8088219472834858,
APOBEC3C,0.24967471552837409,,0.3029645513721947
APOBEC3F,0.24872142782590545,,0.2819870712247394
APOC1,,0.3281894576012223,
APOD,0.599675008535768,,0.5461312880667719
APOL2,0.24967471552837409,,0.2918977574149988
APOL3,0.2712798829077899,,0.26313270063270067
APOL6,0.21453256046279304,,0.2533751962323391
APOO,,1.0,
APRT,,,0.889737205799382
AQP1,,1.0,
AQP3,0.829855636087379,,0.7854270844151249
ARAP1,1.0,,1.0
ARAP2,1.0,,1.0
ARF1,1.0,,
ARF3,1.0,,
ARF6,1.0,,1.0
ARFGAP1,1.0,,1.0
ARHGAP21,,,1.0
ARHGAP27,1.0,,1.0
ARHGAP29,,,1.0
ARHGAP30,1.0,,1.0
ARHGAP31,,1.0,1.0
ARHGAP33,,,1.0
ARHGAP9,1.0,,1.0
ARHGDIA,,,1.0
ARHGDIB,0.1400364341540812,,0.10077422577422578
ARHGEF1,1.0,,1.0
ARHGEF25,1.0,,
ARHGEF26,1.0,,1.0
ARHGEF28,1.0,,1.0
ARHGEF3,1.0,,1.0
ARHGEF39,1.0,,
ARHGEF40,1.0,1.0,
ARHGEF6,1.0,,1.0
ARID1A,,1.0,
ARID5B,,0.8088219472834858,
ARL10,1.0,,1.0
ARL13B,,,1.0
ARL4C,0.7293812570408316,,0.7033629635670452
ARL4D,1.0,,1.0
ARL6IP5,0.2826306113977347,,
ARMC7,,,1.0
ARMC9,,0.8829295704295704,
ARMCX1,,1.0,
ARMCX4,1.0,,1.0
ARPC2,1.0,,1.0
ARPC3,1.0,,1.0
ARPC5,1.0,,
ARPIN,1.0,1.0,
ARPP21,1.0,1.0,
ARRB1,0.41116051478745785,,0.4332963453484626
ARRB2,,,0.500511988011988
ARRDC1,1.0,,
ARRDC2,0.23806193806193807,,0.28578423764419386
ARRDC3,,0.6960725225188035,
ARRDC4,0.3852274997729543,,0.33524890950633524
ARSD,1.0,1.0,
ART3,1.0,1.0,1.0
ARVCF,,,0.8156442295306137
ASAH1,,0.832065893290383,
ASAP2,1.0,,1.0
ASAP3,1.0,,
ASB13,1.0,,
ASIC2,1.0,,
ASNS,0.980018291091833,,0.9419947349281778
ASNSD1,1.0,,
ASPHD2,1.0,,
ASPSCR1,,,1.0
ASRGL1,,,0.6787223247956231
ASXL2,,,0.9242726969999697
ATAD1,,1.0,
ATAD5,0.8311446773729172,,
ATE1,,,0.3244438488340927
ATF2,,0.25545882688739835,0.19859319566064434
ATF3,,,0.07113474760533585
ATG4B,0.39250355379387636,0.5915597915597915,0.3988537778011462
ATG5,0.24462504913632732,,
ATG9B,,,1.0
ATIC,,,1.0
ATL3,1.0,,0.9793146631498455
ATOH8,,0.5915597915597915,0.43217274528749944
ATP10A,1.0,,1.0
ATP10B,1.0,,1.0
ATP10D,0.8550428777271878,,
ATP11A,1.0,1.0,
ATP11C,1.0,1.0,
ATP1B1,1.0,,
ATP1B2,1.0,,1.0
ATP1B3,0.2908449017046302,,0.30736138861138856
ATP5S,1.0,,1.0
ATP6V1B2,1.0,1.0,
ATP7B,1.0,,1.0
ATP8A1,,1.0,1.0
ATP8A2,0.9472182746830634,,
ATR,,0.6320708993976321,
ATXN1,0.25827474412380075,,0.2842235369951556
AUH,,1.0,
AUNIP,1.0,,
AVPI1,,,0.693175982895609
AXL,,0.4585897972994747,
B2M,0.06434106434106435,,0.10943807323897821
B3GALNT1,1.0,,1.0
B3GALNT2,1.0,1.0,
B3GALT4,,,1.0
B3GAT2,1.0,,1.0
B3GNT2,1.0,,1.0
B3GNT5,1.0,,1.0
B3GNT9,,1.0,1.0
B4GALT1,0.5333628120513366,0.7152847152847154,0.5102212855637513
B4GALT2,1.0,,1.0
B4GALT5,,,0.4272827172827172
BACE2,0.30651751681794603,,0.305505021294495
BACH2,0.1766537349576219,,0.1949304426916367
BAHCC1,,,0.7929413052700724
BAMBI,,0.13411588411588413,0.04478854478854479
BASP1,,1.0,
BATF3,0.05951548451548452,0.13411588411588413,0.07113474760533585
BBIP1,1.0,,1.0
BBS2,1.0,,1.0
BCAM,0.7911278184834416,0.8673531193216233,0.7599305680208785
BCAR1,,1.0,
BCAT1,1.0,,
BCHE,1.0,,1.0
BCL10,0.04408554408554408,,
BCL2,,0.29122306265163406,
BCL2L1,0.41384261177720727,,
BCL6,0.05951548451548452,0.14305694305694305,0.05559957284095215
BCLAF3,,,1.0
BDKRB2,,,0.10077422577422578
BEND7,1.0,,1.0
BEST1,,,1.0
BET1L,1.0,,1.0
BEX1,,,0.910307194929115
BEX5,,1.0,1.0
BGN,,,0.2842235369951556
BHLHE22,1.0,,1.0
BHLHE40,0.9075170538585172,,0.8418030732518365
BICDL1,,1.0,1.0
BICRA,1.0,,
BIRC2,0.07393227890122299,0.2384282384282384,
BLCAP,,,1.0
BLOC1S4,,,1.0
BLOC1S6,1.0,,
BLVRB,,,1.0
BMP1,,0.459825888397317,
BMP3,0.8147322509340313,,0.7731346007208076
BMP7,1.0,1.0,1.0
BMPR1B,,,0.8777619247593138
BNC2,,,0.2997387228156459
BNIP3,0.3874425755076749,,
BNIP3L,0.19966485127775452,0.25034965034965034,
BOC,,0.7569012805376442,0.5688990255027991
BPNT1,1.0,,
BPTF,,,1.0
BRD4,,0.4198410285366807,
BRD9,1.0,,
BRI3,1.0,,
BRK1,1.0,,
BRSK1,,1.0,
BRSK2,1.0,,0.9796785492988024
BRWD1,,1.0,
BSDC1,,0.686852896057917,
BSG,,,1.0
BSPRY,1.0,,1.0
BST2,0.1766537349576219,,0.147138033069592
BTBD1,1.0,1.0,
BTBD11,0.33454732640068685,,0.32670353839708677
BTBD3,1.0,,
BTBD7,1.0,,
BTD,0.26265049504486127,,
BTF3L4,1.0,,1.0
BTG2,1.0,,1.0
BTN2A1,0.49241978259835395,,0.5136234733008926
BTN2A2,0.2291505286157693,,0.22615306771150928
BTN3A1,0.3514693967449873,0.459825888397317,0.3171910057155959
BTN3A2,0.1766537349576219,,0.17334542590515287
BTRC,,,0.37140921235985225
BUD31,1.0,,
C11orf54,1.0,,1.0
C11orf68,1.0,,1.0
C11orf87,0.7123525539367124,,0.6995281641435488
C12orf45,1.0,,1.0
C12orf49,,,0.7899220046009037
C12orf66,1.0,1.0,
C14orf178,0.8516773426383322,,
C15orf39,1.0,,1.0
C15orf40,0.36729556158127585,,0.3659108419256021
C16orf72,1.0,,
C16orf89,0.9497374330414753,1.0,
C19orf53,,,1.0
C1D,1.0,,1.0
C1QL1,0.5866636605936217,,0.5665694507004331
C1R,0.05349706473301979,,0.06201490816875432
C1S,0.06434106434106435,,0.05559957284095215
C1orf159,,,1.0
C1orf226,1.0,1.0,
C1orf61,1.0,,1.0
C2,,,0.04478854478854479
C22orf24,1.0,,1.0
C2CD2L,,1.0,
C2CD4C,1.0,,
C2orf68,1.0,,
C2orf69,,1.0,
C3,0.04408554408554408,,0.04478854478854479
C3AR1,0.04408554408554408,,0.04478854478854479
C3orf18,0.33240681289962604,,
C3orf58,,1.0,
C4orf19,0.4189245610565408,,
C4orf3,0.9253215366321291,,
C5,0.3253020271653812,,
C6orf106,1.0,,1.0
C6orf223,0.5552651102248958,,
C6orf89,,,1.0
C8orf34,0.9725949264410803,,
C9orf64,0.9300627687724462,,0.8923731440972821
C9orf72,,1.0,
CA10,0.6377174340810704,,0.6024729761256707
CA2,,1.0,1.0
CA4,,1.0,1.0
CA8,1.0,,
CAB39,0.5231402811374996,,0.5042858376191709
CAB39L,,0.8306532177499919,
CABIN1,0.641805937530403,,0.6024729761256707
CABP7,,,1.0
CACHD1,1.0,1.0,
CACNA1C,,,1.0
CACNA1I,1.0,1.0,
CACNA2D1,0.829855636087379,,
CACNB4,,1.0,
CACNG3,1.0,1.0,
CACNG5,1.0,,1.0
CACNG7,,0.459825888397317,
CAD,0.6994059155921682,0.8088219472834858,
CADM3,0.6363745610404176,,
CADPS,0.8704757846032084,,0.8354709949041216
CALCOCO1,,,0.21812140114527384
CALCOCO2,0.4606461649805303,,
CALHM2,0.1400364341540812,,0.19171681976560026
CALHM5,0.6120751930393463,,0.6053592216520197
CALR,,,0.8076529805036592
CALU,,,1.0
CALY,,1.0,
CAMK2B,1.0,,
CAMK2N1,1.0,1.0,
CAMK4,1.0,,
CANT1,,,0.640843635300398
CANX,0.7911423923508516,,0.7478962521778887
CAP1,1.0,,1.0
CAPG,0.33733473004728065,,0.3546040425739674
CAPN5,1.0,,
CAPNS1,,,1.0
CAPRIN2,0.3623678825990965,,0.31351981351981356
CAPZB,,,1.0
CARD10,0.07979729767439266,,0.10077422577422578
CARMIL1,,,1.0
CARMIL2,1.0,1.0,1.0
CARS2,1.0,,1.0
CARTPT,1.0,,
CASK,1.0,,1.0
CASKIN2,0.6786381039774706,,
CASP1,0.04408554408554408,,0.04478854478854479
CASP10,0.11229336701034814,,0.07113474760533585
CASP3,0.38439358806331286,,0.3988537778011462
CASP7,0.2556751124770218,0.37500363713955953,0.28578423764419386
CAST,1.0,,1.0
CAV1,0.1217991311014567,,0.10943807323897821
CAVIN1,,0.9668676151434773,0.8368719775799421
CAVIN2,,,0.9662613415640051
CAVIN3,,1.0,1.0
CBFB,0.36414828001826094,,0.3421636503031852
CBLN2,,,0.4617291799109981
CBLN3,,0.341921814449287,0.2617758711876359
CBLN4,0.6120751930393463,,0.5758527187098617
CBS,1.0,,1.0
CBX5,1.0,,1.0
CBX7,1.0,,1.0
CBY1,1.0,1.0,
CCAR1,,,1.0
CCDC112,,,0.6303461639032109
CCDC115,0.829855636087379,0.9025366692860489,
CCDC14,1.0,,1.0
CCDC184,,0.9200283745738291,
CCDC33,,1.0,1.0
CCDC40,0.24967471552837409,,
CCDC47,,,0.16353397492187527
CCDC57,1.0,,1.0
CCDC58,,,1.0
CCDC77,,,1.0
CCDC8,,1.0,
CCDC80,,,0.5966029134106522
CCDC82,,1.0,
CCDC85A,1.0,,
CCDC85C,1.0,1.0,1.0
CCDC86,,1.0,
CCDC88A,,,0.1132101940612579
CCDC88B,0.1951327361163427,,0.20330104677930766
CCDC9,1.0,1.0,
CCDC92,1.0,,
CCK,,1.0,
CCKBR,,0.5923451548451548,
CCL19,0.06434106434106435,,0.06201490816875432
CCL2,0.04408554408554408,,0.04478854478854479
CCL28,0.05349706473301979,0.14305694305694305,0.04478854478854479
CCL4,0.05349706473301979,,0.06201490816875432
CCL5,0.04408554408554408,,0.04478854478854479
CCNA1,,1.0,1.0
CCNB1IP1,,,1.0
CCND2,,1.0,1.0
CCND3,0.8567552410101613,,0.8076529805036592
CCNDBP1,0.6904595963946468,,
CCNE1,,0.9892913322757421,
CCNL1,1.0,,
CCNL2,1.0,,1.0
CCNO,1.0,,
CCNT1,0.48897279631912316,,
CCNYL1,1.0,,
CCR1,0.06434106434106435,,0.05559957284095215
CCR2,0.1469518136184803,,0.10943807323897821
CCR5,0.05951548451548452,,0.04478854478854479
CCSAP,1.0,,1.0
CD109,0.3852274997729543,,0.44970498251748253
CD14,,,0.04478854478854479
CD164,0.7076095175542689,,0.6834573143227992
CD2,0.05349706473301979,,0.05559957284095215
CD200R1,0.34077414520962906,,0.28578423764419386
CD27,0.05349706473301979,,0.04478854478854479
CD274,0.15175262984027924,,0.14061519875473363
CD276,0.04408554408554408,0.13411588411588413,
CD300A,0.24967471552837409,,0.30736138861138856
CD37,0.05349706473301979,,0.06201490816875432
CD3E,0.05349706473301979,,0.04478854478854479
CD4,0.10502732561556091,,0.1132101940612579
CD40,0.04408554408554408,,0.05559957284095215
CD44,0.40715654328219775,,0.4365244511585975
CD47,0.16355400324865974,0.2641051256435872,0.17334542590515287
CD48,0.04408554408554408,,0.04478854478854479
CD53,0.05951548451548452,,0.05559957284095215
CD55,0.23806193806193807,,0.305505021294495
CD6,0.65053438905029,,0.6607863854395338
CD63,,,0.6512575372510226
CD74,0.04408554408554408,,0.04478854478854479
CD81,,,0.40239829494595525
CD82,0.2276548588023998,,
CD83,,,0.07113474760533585
CD84,0.1574728773172353,,0.14061519875473363
CD86,0.04408554408554408,,0.04478854478854479
CD8A,0.04408554408554408,,0.04478854478854479
CD9,0.4606461649805303,,0.48582858189845085
CD93,0.04408554408554408,,
CD99,,,0.6512575372510226
CDC42,1.0,,
CDC42BPA,,,1.0
CDC42EP1,1.0,,1.0
CDC42EP3,1.0,,1.0
CDC42SE1,1.0,,1.0
CDC42SE2,0.7149629478247541,,0.6895851287110393
CDC7,,0.8299406475877064,
CDCA7,1.0,,1.0
CDH10,1.0,1.0,
CDH11,,0.8218164813909496,0.7043933663078266
CDH12,,,1.0
CDH13,0.9408309275094354,,0.9090246488205672
CDH19,,,1.0
CDH2,1.0,,1.0
CDH24,,,1.0
CDH4,0.8692901167414606,,
CDH6,1.0,,1.0
CDH8,,1.0,
CDHR3,,0.8559964625538397,
CDIPT,0.6550143498120377,,
CDK10,1.0,,1.0
CDK2,,1.0,
CDK5RAP2,1.0,1.0,
CDK6,0.6093429782262907,,
CDK7,1.0,,
CDKN1A,0.5231402811374996,,0.569964947770434
CDKN2A,1.0,,1.0
CDKN2D,0.7765005955190004,0.8560280689660743,0.7309803898725182
CDO1,0.04408554408554408,,
CDON,,0.5672947741913259,0.3909252381721299
CDV3,,,1.0
CEACAM21,0.36729556158127585,,0.39243296386153526
CEBPB,,,0.05559957284095215
CEBPD,0.05349706473301979,,0.05559957284095215
CEBPG,,,0.07113474760533585
CECR2,0.599675008535768,0.7455265322912381,
CELF4,1.0,1.0,
CELSR2,,,0.33524890950633524
CEMIP,1.0,1.0,1.0
CEND1,,,1.0
CENPB,,1.0,1.0
CENPO,1.0,1.0,
CENPT,,,1.0
CENPU,1.0,1.0,
CEP164,0.3805451054521687,,
CEP290,,1.0,1.0
CEP44,,1.0,1.0
CEP57,,,1.0
CEP68,0.9924219473091653,,
CEP78,1.0,,1.0
CEP83,1.0,,
CEP95,,,1.0
CEP97,,,1.0
CERCAM,0.9924219473091653,1.0,
CERS2,,,0.08689514078735636
CERS6,,,0.44289309416697953
CETN3,,1.0,
CFAP46,0.7293812570408316,0.8096320857057053,
CFAP52,,0.6358086358086358,
CFB,0.07393227890122299,,0.0775186352109429
CFLAR,0.07393227890122299,,0.06201490816875432
CGAS,1.0,,1.0
CGNL1,,1.0,
CHAC1,,0.7051899713190036,
CHAF1A,1.0,,1.0
CHCHD2,1.0,,1.0
CHD1L,1.0,1.0,
CHD5,,1.0,1.0
CHD7,1.0,1.0,
CHGB,,1.0,
CHI3L1,0.5330232953859328,,0.5371135358148345
CHI3L2,1.0,,0.9662613415640051
CHIC2,,,1.0
CHKA,1.0,,1.0
CHMP2A,0.4937580937580938,,
CHMP5,1.0,1.0,
CHPF,1.0,,1.0
CHPF2,,1.0,1.0
CHRAC1,,,0.9555864543619644
CHRNA3,1.0,,1.0
CHST1,,,0.9059362139566918
CHST14,,,1.0
CHST2,,1.0,
CHSY1,,,1.0
CHTF18,0.2070103809234244,,0.22159777395379493
CHTF8,,,1.0
CHURC1,,,0.7590835178017082
CIART,,,1.0
CIB1,0.7338561861866946,,0.7033629635670452
CIDEB,0.9580039994547767,,0.9179569373990338
CIR1,1.0,1.0,
CIRBP,1.0,,1.0
CISD2,,,0.7786761209270434
CISH,0.5064414601317639,,0.48582858189845085
CITED2,,,0.5253607319832486
CKB,,,1.0
CLCN4,1.0,,
CLCN6,,,1.0
CLDN1,,,1.0
CLDN11,,,0.619865260597526
CLDN19,,1.0,1.0
CLDN5,,0.7823426573426574,0.6137115479676033
CLDND1,0.8692901167414606,0.9308847181187607,
CLEC1A,0.46218496449621266,,0.4912743506493506
CLEC2B,0.42749178334021826,,0.4912743506493506
CLIC4,,0.9308847181187607,
CLIC5,1.0,,1.0
CLIP4,,1.0,
CLK3,1.0,,
CLN6,0.8913734667159324,0.9991782053866312,
CLN8,0.09618664164118709,,
CLOCK,,,0.7951802296064591
CLPTM1L,,0.9308847181187607,
CLSTN1,,,0.3373659739082136
CLSTN2,,,1.0
CLUAP1,,,1.0
CLVS2,,,1.0
CMPK2,0.04408554408554408,,0.04478854478854479
CMTM4,0.49581585327523287,,0.45066734507728295
CMTM6,,0.5923451548451548,0.38939593501310854
CMTM7,0.09618664164118709,,0.0775186352109429
CNDP2,,,0.4154366042121144
CNKSR2,1.0,,1.0
CNKSR3,,0.826058896855357,
CNOT6L,,1.0,
CNP,,,1.0
CNPY3,,,0.05559957284095215
CNR1,,,0.21812140114527384
CNTN1,1.0,,
CNTN4,,,1.0
CNTNAP1,1.0,,1.0
CNTNAP4,,,1.0
COBLL1,,1.0,
COCH,0.5333628120513366,,0.5282690993217308
COL12A1,,0.6344712979328364,
COL13A1,,,0.5131314631314631
COL16A1,,0.2384282384282384,
COL18A1,,0.8088219472834858,
COL1A1,,,0.10566617848171247
COL1A2,,,0.6178654487054948
COL27A1,1.0,1.0,
COL4A5,0.7367390504232609,0.856058834782239,
COL4A6,0.6417072698661146,0.8088219472834858,
COL5A1,,0.712457502971337,
COL5A2,,,0.5758527187098617
COL5A3,,0.9025366692860489,
COL6A1,,,0.6074576586204493
COL6A2,,,0.26313270063270067
COL8A2,,,0.07113474760533585
COLEC12,,,0.22159777395379493
COLGALT2,0.670482311303292,,0.6607863854395338
COMMD10,0.7911423923508516,,
COMT,,0.3612917694550348,
COPB1,1.0,,
COQ10B,1.0,,
COQ4,1.0,,
CORO1A,0.06434106434106435,,0.0775186352109429
CORO1C,1.0,,
CORO2B,,1.0,
CORO6,,,1.0
CORO7,1.0,,1.0
COTL1,1.0,,1.0
COX11,1.0,,1.0
COX14,1.0,,
COX5B,1.0,,
COX6B2,1.0,1.0,
COX6C,,1.0,
COX7A2,1.0,,
CPA4,,1.0,1.0
CPAMD8,,0.686852896057917,
CPD,,,0.47942294391998536
CPE,,,1.0
CPED1,,,0.9415547415547416
CPNE1,0.6431057094564203,,0.6569956018007965
CPNE2,1.0,1.0,
CPNE4,1.0,1.0,
CPNE6,1.0,,1.0
CPNE7,1.0,,1.0
CPNE8,,,1.0
CPPED1,,,0.9072257665608049
CPQ,0.5780616250590142,,0.5271676804041401
CPSF3,1.0,,
CPSF4,1.0,,
CPSF6,1.0,,1.0
CPT1A,0.8567552410101613,,0.7959331577513395
CPT1C,0.8919184735046175,,
CRABP2,,1.0,
CREB3L2,,0.7917461848496332,
CREBBP,0.19108650546777636,0.29122306265163406,
CREBRF,0.6537738044111161,0.7992946650664773,
CRELD1,0.9773922840362363,,
CRELD2,,1.0,
CREM,0.31337240254437704,,0.31351981351981356
CRH,,0.9308847181187607,
CRHR2,,0.5915597915597915,0.3909252381721299
CRISPLD2,,0.7124906343656343,0.5505210901630339
CRLF3,0.4652202759072988,,0.4899266211677053
CROCC,0.6700599171995053,0.8395502802282464,0.6913824221516529
CRTAM,0.04408554408554408,,0.04478854478854479
CRTC3,,1.0,1.0
CRY1,1.0,1.0,1.0
CRYBG1,0.7281894576012222,0.8678912710326322,0.7166167166167166
CSF1,0.21453256046279304,,0.23711582535111947
CSF2RB,0.05951548451548452,,0.04478854478854479
CSGALNACT1,1.0,,1.0
CSGALNACT2,1.0,,
CSMD1,0.5905649620302577,0.7081318681318681,
CSMD2,0.7403601633968125,,0.7353794853794854
CSMD3,,,1.0
CSNK1A1,,,0.6984803480178609
CSRNP1,1.0,,1.0
CSRNP3,,1.0,1.0
CSRP1,0.07979729767439266,,0.1132101940612579
CSRP2,1.0,,
CST3,,0.44017520940597865,
CSTB,,,0.42916784707829486
CTBP2,0.5394347850250157,0.686852896057917,
CTBS,1.0,,1.0
CTDP1,0.8085122424745065,,0.7156284036925963
CTDSP1,,,0.6668411122281747
CTDSP2,1.0,1.0,1.0
CTHRC1,,,0.3501184529755958
CTIF,,1.0,1.0
CTNNAL1,0.8692901167414606,,
CTNNBIP1,1.0,1.0,1.0
CTPS1,1.0,1.0,
CTSA,,0.2314156431803491,0.1132101940612579
CTSB,,,0.10077422577422578
CTSC,0.13633503060815835,,0.10566617848171247
CTSD,,,0.4601562820740903
CTSH,,,0.24939808393045804
CTSO,0.3027980791138686,,0.3527097902097902
CTSS,0.04408554408554408,,0.06201490816875432
CTSZ,0.7112986241982935,,0.6995281641435488
CTTN,1.0,,1.0
CUEDC1,1.0,,1.0
CUL9,,,0.8844379190999642
CUX1,1.0,1.0,
CWC27,,1.0,
CXCL1,,,0.06201490816875432
CXCL10,0.04408554408554408,,0.04478854478854479
CXCL14,,0.832065893290383,0.6732395755504998
CXCL16,0.07979729767439266,,0.10566617848171247
CXCL8,0.05951548451548452,,0.05559957284095215
CXCL9,0.05349706473301979,,0.04478854478854479
CXorf21,,,0.3988537778011462
CYB5R2,,1.0,
CYB5R3,,1.0,1.0
CYBA,0.1574728773172353,,0.17975942975942977
CYBRD1,,1.0,1.0
CYGB,1.0,,1.0
CYLD,0.8646694108878983,,0.7854270844151249
CYP26B1,,,0.05559957284095215
CYP27A1,,0.459825888397317,0.23150149598512318
CYR61,,,0.340113011988012
CYSTM1,1.0,,1.0
CYTH1,1.0,1.0,1.0
CYTH2,1.0,,1.0
CYTH4,1.0,,1.0
CYYR1,1.0,,0.9693752031101428
DAAM2,1.0,,1.0
DAB2,,,0.32148832762329693
DACH1,1.0,1.0,
DACH2,,0.8082717282717283,
DACT1,0.8567552410101613,,0.8521207101399915
DACT2,0.5235387019619384,,0.5315217942005979
DACT3,1.0,,
DAG1,,0.25034965034965034,
DAP,,,0.4383189625908072
DAPK1,0.7012677245235385,,0.662660367351199
DAPK2,,,0.4383189625908072
DAPP1,1.0,,1.0
DARS2,,0.5915597915597915,
DAXX,,,0.6292689211241247
DAZAP2,1.0,,1.0
DBF4B,1.0,,1.0
DBI,0.27553465053465054,,0.26313270063270067
DBNL,,1.0,
DBP,0.05951548451548452,,0.05559957284095215
DCAF11,1.0,1.0,
DCAF16,0.1766537349576219,,0.18178879943585827
DCAF17,1.0,,1.0
DCAF8,1.0,,1.0
DCBLD1,,,0.6942456507223347
DCHS1,1.0,1.0,
DCN,,,0.1132101940612579
DCP2,,1.0,
DCUN1D3,1.0,1.0,
DCUN1D4,,,1.0
DDAH1,0.8710653401897642,,0.8105634203195179
DDB2,,,0.9242726969999697
DDIT4,0.21828028704819535,,0.20768981710809964
DDIT4L,,1.0,
DDOST,,,0.7454215631696548
DDR2,,0.7823426573426574,0.6232604339787919
DDRGK1,,,0.2918977574149988
DDX11,0.36055982852099355,,0.39243296386153526
DDX3Y,1.0,,1.0
DDX51,1.0,,1.0
DDX52,1.0,1.0,
DDX55,1.0,,1.0
DDX56,1.0,,1.0
DDX58,0.05951548451548452,,0.10943807323897821
DEAF1,,1.0,
DEDD2,0.2955979718729164,,
DENND1C,0.6530655745192674,,0.6074576586204493
DENND4A,0.43529124597085755,,0.4844234712655765
DENND6B,1.0,,1.0
DEPP1,0.7340452578044976,0.8768307410605062,0.729113813016252
DEPTOR,1.0,,
DERL1,1.0,,
DES,0.8406206233957431,,0.7914553453858756
DET1,1.0,,1.0
DEXI,1.0,,1.0
DFFA,0.8752277134630075,,
DGKA,1.0,,1.0
DGKB,1.0,,1.0
DGKE,,0.833462189983929,0.6942456507223347
DGLUCY,1.0,,1.0
DHCR24,,,0.7229584574717317
DHFR,,1.0,
DHODH,1.0,,
DHRS7,0.3157453073242547,,
DHTKD1,0.5644117471932042,,0.5242403872723023
DHX36,,1.0,1.0
DHX9,,1.0,
DIAPH1,1.0,,1.0
DIO3,,1.0,
DIP2A,0.3852274997729543,,0.38714702563623427
DIP2B,1.0,,
DIRAS2,1.0,1.0,
DIS3L,,,1.0
DKK1,,0.9308847181187607,
DLGAP2,1.0,,1.0
DLGAP4,1.0,,1.0
DLL1,1.0,1.0,1.0
DMC1,1.0,,
DMPK,,,1.0
DMTN,1.0,1.0,
DNAAF1,,1.0,
DNAAF5,1.0,1.0,
DNAH7,,1.0,
DNAJA1,0.8704757846032084,,
DNAJA3,,,0.3659108419256021
DNAJA4,0.7264202606815028,,0.7116351797848258
DNAJB1,0.9227040944666844,,0.889737205799382
DNAJB2,1.0,1.0,
DNAJB9,0.8864703457567135,,
DNAJC1,0.8567552410101613,,0.8501164915927657
DNAJC10,1.0,,1.0
DNAJC11,1.0,1.0,
DNAJC13,,1.0,
DNAJC15,1.0,,1.0
DNAJC19,1.0,,0.9914090630062307
DNASE1L1,,0.8559964625538397,
DNASE2,1.0,,
DNER,1.0,,1.0
DNHD1,,1.0,1.0
DNM1,,,1.0
DNMBP,1.0,1.0,
DNMT1,,1.0,
DOC2A,1.0,,1.0
DOCK1,0.2556751124770218,0.37500363713955953,
DOCK10,1.0,,1.0
DOCK5,1.0,,
DOCK6,1.0,1.0,
DOCK8,0.670482311303292,,0.619865260597526
DOCK9,1.0,,1.0
DOK5,1.0,1.0,1.0
DONSON,,0.9274454359200123,0.7661485655862413
DPH7,1.0,,1.0
DPM3,1.0,,
DPP10,1.0,,1.0
DPP6,,1.0,
DPP7,1.0,,1.0
DPY19L1,0.8406206233957431,,0.843194757581342
DPY19L2,,0.3375500903590791,
DPY19L3,0.6602178029105532,,
DPY19L4,1.0,,
DPYD,1.0,,1.0
DPYSL2,,0.5049068578480345,
DRAM1,,,0.44873051476825065
DRAP1,0.5461609915051211,,0.5271676804041401
DROSHA,,,1.0
DRP2,,,1.0
DSC2,,0.8088219472834858,0.6232604339787919
DSCAM,1.0,,
DSCC1,1.0,1.0,
DSEL,,0.6320708993976321,
DTNA,0.7655518755103817,0.8560280689660743,
DTNBP1,1.0,,
DTX3,,0.8559964625538397,0.7171515052112067
DTX3L,0.26761060953098426,,0.22712566621196062
DUSP10,0.3157453073242547,,0.32892707292707296
DUSP12,,1.0,
DUSP4,,0.6621216621216621,
DUSP5,,,0.6137115479676033
DUSP8,0.9518330101953796,,
DYNC1I2,,1.0,
DYNC2H1,1.0,,1.0
DYRK4,,1.0,
DYSF,1.0,,1.0
DZANK1,,,1.0
DZIP1,,,0.569964947770434
DZIP1L,0.9547275641025641,,
DZIP3,,1.0,
E2F1,0.30651751681794603,,
EBP,,0.8566340820982731,
ECE1,,,1.0
ECH1,,,1.0
ECHDC2,1.0,,1.0
ECHDC3,1.0,,
ECI1,1.0,1.0,
EDA,0.05951548451548452,,
EDIL3,,,1.0
EDNRA,,,0.2108844833640474
EEF2K,0.6550143498120377,,0.6421012615702881
EEFSEC,1.0,,1.0
EEPD1,1.0,,1.0
EFCAB14,0.9924219473091653,,0.9811766765200074
EFCAB2,,0.8255756219828077,
EFCAB7,,1.0,
EFEMP1,,0.4585897972994747,0.2108844833640474
EFEMP2,0.15175262984027924,,0.12194528160914717
EFHC1,1.0,,
EFHD1,1.0,,
EFNA1,0.5330232953859328,,0.5311394487865077
EFNA3,1.0,,1.0
EFR3B,1.0,,1.0
EFS,1.0,,1.0
EFTUD2,1.0,,1.0
EGFL6,,,0.5710124239172447
EGFL7,,0.7037011571424526,
EGFR,,0.7907732406002302,
EGLN1,0.8567552410101613,,
EGR1,,0.459825888397317,0.2842235369951556
EHD1,1.0,,1.0
EHD4,1.0,,1.0
EHMT1,,1.0,
EID2,,,0.3029645513721947
EIF1AY,1.0,,1.0
EIF1B,,0.6169330669330669,
EIF2AK2,0.2070103809234244,,0.18178879943585827
EIF2AK3,0.05349706473301979,,
EIF4A3,1.0,,1.0
EIF4E2,1.0,,1.0
EIF4E3,0.6229384865748503,,0.5710124239172447
EIF4EBP2,0.7731507957612789,0.8634373542025258,
EIF4G1,,1.0,
EIF4G3,1.0,,
EIF4H,1.0,,1.0
ELAVL2,1.0,,1.0
ELF1,0.05951548451548452,,0.0775186352109429
ELK3,0.6755446596536268,,0.6074576586204493
ELL2,0.3514693967449873,,0.34617100456795113
ELMSAN1,0.769839840900603,,0.729113813016252
ELOF1,1.0,,1.0
ELOVL6,,,0.363460287393497
ELOVL7,0.38439358806331286,,
ELP1,,,0.5803417045804379
ELP6,,0.8088219472834858,
EMB,0.4768463706248228,,0.47942294391998536
EMC7,1.0,,
EMCN,,,0.42961643619538353
EMID1,1.0,,1.0
EMILIN2,,,1.0
EMILIN3,0.6363745610404176,0.8088219472834858,0.6053592216520197
EML3,1.0,,1.0
EML4,,,1.0
EML5,,,0.8163528640576346
EMP1,0.6537738044111161,,0.619865260597526
EMP2,0.6093429782262907,0.8088219472834858,
EMP3,0.24107538031588663,,0.2533751962323391
EMX2,0.2291505286157693,,0.2038130408916926
EN2,,1.0,
ENAH,1.0,,1.0
ENC1,1.0,,
ENDOD1,0.7340452578044976,,
ENG,0.1574728773172353,,0.1132101940612579
ENGASE,,,0.7762793792478394
ENKUR,0.8935416351554157,,
ENO1,0.9522477522477523,,0.9015277781344619
ENO2,1.0,1.0,
ENO3,1.0,,1.0
ENOSF1,,0.9064383891970099,
ENPP2,,0.833462189983929,0.6512575372510226
ENPP5,1.0,,1.0
ENTPD1,0.06434106434106435,0.1849874263667367,
EP400,0.3281923837479393,0.5049068578480345,0.2997387228156459
EPAS1,,0.7569012805376442,0.5803417045804379
EPB41L2,,1.0,1.0
EPB41L5,,,1.0
EPDR1,,1.0,
EPHA10,,0.9742947635324317,
EPHA4,1.0,,1.0
EPHA7,0.20535694337611268,0.3612917694550348,0.21812140114527384
EPHA8,0.965722956288994,,0.932708360087325
EPHB1,,1.0,1.0
EPHB2,0.9749976985471867,,
EPHB4,,0.7247318719016832,
EPS8,0.5796560210622711,,
EPSTI1,0.4177236732603002,,0.4154366042121144
ERBB2,,0.3193235336092479,0.21812140114527384
ERBB3,,,0.9955511887954935
ERCC1,0.07979729767439266,,
ERCC2,1.0,,1.0
ERF,,,1.0
ERFE,0.6755446596536268,,
ERLIN2,,0.4817223592733797,
ERO1A,0.21453256046279304,,0.2406840732083451
ERO1B,,0.9308847181187607,
ERP27,0.5461609915051211,,
ESPL1,1.0,1.0,
ESYT1,1.0,,1.0
ESYT2,0.4977025898078529,,
ETFA,,1.0,
ETFB,,,1.0
ETS1,0.15175262984027924,,0.09302236225313149
ETV6,0.3514693967449873,,0.3244438488340927
ETV7,0.6363745610404176,,0.6750709940636488
EVI2A,0.20920594556958194,,0.147138033069592
EVI2B,0.05951548451548452,,0.06201490816875432
EVX1,,,0.7309803898725182
EXD3,,,0.9883809104281545
EXOC3,1.0,,1.0
EXOG,1.0,,1.0
EXOSC10,1.0,,1.0
EXOSC8,1.0,,1.0
EXT1,,1.0,
EXTL3,,,1.0
EYA4,1.0,1.0,
F12,0.24107538031588663,0.459825888397317,
F3,0.05951548451548452,0.20862470862470864,0.09302236225313149
F5,,,0.8184965842057405
F8,0.4652202759072988,,0.46398767395746254
FABP3,0.8537705179071402,,
FABP5,0.3974746390376941,0.6332886625569553,0.44289309416697953
FABP6,0.7513829920079921,,
FABP7,1.0,,1.0
FADS3,,0.7152847152847154,0.5758527187098617
FAF2,,1.0,
FAM102A,0.4310746349898063,,0.4484532899746846
FAM107A,1.0,,1.0
FAM111A,0.3623678825990965,,0.3373659739082136
FAM114A1,,1.0,0.9766608590138003
FAM117A,1.0,,1.0
FAM117B,,1.0,
FAM120A,,,1.0
FAM126B,,1.0,1.0
FAM129A,0.5286616831444417,,0.5107358581473023
FAM129B,,,1.0
FAM131C,,,1.0
FAM133A,,1.0,1.0
FAM13C,1.0,,1.0
FAM153A,,0.3612917694550348,
FAM155B,,,0.8849999481487371
FAM162A,1.0,1.0,
FAM168A,,,1.0
FAM171B,0.9608524006114367,,0.8968473586499337
FAM174B,,,0.48786835482114455
FAM184A,0.8935416351554157,1.0,
FAM193A,,1.0,
FAM193B,,,0.42961643619538353
FAM210A,0.641805937530403,,
FAM210B,1.0,,
FAM219A,0.04408554408554408,,0.04478854478854479
FAM219B,1.0,,1.0
FAM221A,1.0,,1.0
FAM222A,0.8640601680826189,,0.8249090195518767
FAM234B,1.0,1.0,
FAM241B,,1.0,1.0
FAM43A,,,0.5725864764089178
FAM49A,1.0,1.0,
FAM57A,0.4310746349898063,,
FAM78A,1.0,,1.0
FAM81A,1.0,,1.0
FAM83H,1.0,,1.0
FAM84B,1.0,,
FAM92A,1.0,,1.0
FAN1,1.0,,1.0
FANCA,0.45149677908298597,0.5915597915597915,
FANCG,0.4977025898078529,,
FANCI,0.7437880823460761,0.856058834782239,
FARP1,1.0,,1.0
FARSB,,,1.0
FAS,0.04408554408554408,,0.05559957284095215
FASLG,0.07979729767439266,,0.09302236225313149
FAT1,1.0,1.0,
FBLIM1,,0.8560280689660743,
FBLN5,0.8550428777271878,,0.7906900791516177
FBLN7,0.3852274997729543,,
FBN1,,,0.5502428163096544
FBRSL1,1.0,,1.0
FBXL2,,,0.2108844833640474
FBXL20,,,0.2038130408916926
FBXL3,0.24872142782590545,,0.2038130408916926
FBXL7,,0.9668676151434773,
FBXO10,,0.5461006059808454,
FBXO2,0.30651751681794603,,0.2842235369951556
FBXO22,,,0.8467167752882039
FBXO27,0.7311360265664197,,
FBXO32,1.0,,1.0
FBXO33,1.0,,
FBXO6,0.6530655745192674,0.8218164813909496,0.6668411122281747
FBXO7,0.4637096032801554,,
FBXW4,1.0,,1.0
FCGRT,,0.34610550739582996,0.16795704295704297
FCHO2,,,1.0
FDFT1,,1.0,
FDPS,,,1.0
FDX1,1.0,,
FEM1C,0.9446567604229251,,0.898152447895158
FERMT2,0.8216296977358925,,0.7599305680208785
FEZ1,,1.0,
FGD3,1.0,,1.0
FGD5,,1.0,1.0
FGF11,0.7264202606815028,,0.6834573143227992
FGF12,0.9518330101953796,1.0,0.9344061433986497
FGF13,0.769839840900603,,0.7043933663078266
FGF14,0.4637096032801554,,0.44873051476825065
FGF9,,,1.0
FGFBP3,,,0.9759188180240811
FGFR1,,0.18934007169301287,
FGFR1OP,,,1.0
FGFR2,,0.7247318719016832,
FGFR3,0.8154737661154245,,0.7535163699936427
FGFRL1,,0.5397547238038035,0.37514492806463606
FGL2,0.04408554408554408,,0.06201490816875432
FGR,0.19108650546777636,,0.20768981710809964
FHIT,,,1.0
FHL1,0.2355821262071262,,0.26313270063270067
FHOD3,1.0,,1.0
FIBP,1.0,,
FILIP1L,0.3157453073242547,0.459825888397317,0.2718130493359851
FJX1,1.0,,1.0
FKBP14,,0.943177752480078,
FKBP5,0.1805987116331944,,0.16353397492187527
FKTN,0.6417072698661146,,0.6272425196547508
FLII,0.1766537349576219,,
FLNA,,0.14305694305694305,
FLNB,,0.8344988344988344,
FLNC,,0.9064383891970099,0.7699603767019497
FLOT1,1.0,,0.9811766765200074
FLOT2,,,1.0
FLRT3,1.0,,
FLT1,,0.17166833166833168,0.1132101940612579
FLVCR1,,,0.6732395755504998
FMNL1,1.0,,1.0
FMNL3,,1.0,
FMOD,,0.6693925543483066,
FN1,,0.34610550739582996,
FNBP1,1.0,,1.0
FNBP1L,,1.0,1.0
FNDC3B,0.3594268476621418,,0.3841789978974095
FNDC5,,1.0,
FOLH1,1.0,,1.0
FOLR1,,0.5461006059808454,
FOS,0.09618664164118709,,0.09302236225313149
FOSL2,0.07393227890122299,,0.0775186352109429
FOXO1,0.20920594556958194,,0.23711582535111947
FOXO3,0.36055982852099355,,
FOXP2,,,0.42537864145904347
FOXP4,0.6923501554374037,,0.6581884638040146
FOXRED2,,1.0,
FRMD5,1.0,1.0,1.0
FRMD8,,0.9991782053866312,0.8695074558948904
FRRS1L,,0.6332886625569553,
FRY,,,1.0
FSD1L,,0.3329773674601261,0.18485972626100014
FST,0.5132682919916962,,
FSTL1,,0.29122306265163406,0.15341747804434372
FSTL3,,,0.5569506829048814
FSTL4,,1.0,
FSTL5,1.0,,1.0
FTH1,,,0.10943807323897821
FUK,0.784632714224551,,0.7763623980090214
FURIN,0.2291505286157693,,0.2108844833640474
FUS,1.0,1.0,
FUT3,,1.0,
FUT7,0.44824953527485173,0.5923451548451548,
FUT9,1.0,,1.0
FUZ,0.41940442108227344,,
FXYD5,0.5668141382427095,,0.5690779808426867
FXYD7,,1.0,
FYB1,0.16752506752506752,,0.10566617848171247
FYN,,,0.6984803480178609
FYTTD1,1.0,,
FZD3,0.04408554408554408,,
FZD5,0.06434106434106435,0.18934007169301287,0.09302236225313149
FZD6,,0.13411588411588413,
FZR1,,,0.16795704295704297
G0S2,,,0.19171681976560026
G3BP2,1.0,,
GAA,1.0,,1.0
GAB1,0.6562491718201061,,0.6303461639032109
GABARAPL1,1.0,,1.0
GABRA2,,1.0,
GABRA4,,1.0,
GABRA5,,1.0,
GABRB2,1.0,,1.0
GABRG1,1.0,,
GABRG2,,1.0,1.0
GADD45B,0.9192490677639192,,0.8783379956273093
GAK,1.0,,
GAL3ST1,,,0.06201490816875432
GAL3ST4,,,0.6303461639032109
GALM,1.0,,1.0
GALNS,,0.8137183917000431,
GALNT10,,1.0,
GALNT13,1.0,1.0,
GALNT14,1.0,,1.0
GALNT16,1.0,,
GALNT5,1.0,1.0,
GALNT6,,1.0,1.0
GALNT7,,1.0,
GALNT8,1.0,,1.0
GALNT9,1.0,,
GANAB,,,1.0
GAPDH,0.4937580937580938,,
GAS1,,0.459825888397317,
GAS7,1.0,,
GATA3,0.30651751681794603,,
GATAD2A,,1.0,
GATD1,0.04408554408554408,0.13411588411588413,
GBA2,0.980018291091833,,0.9639132088606623
GBE1,1.0,,1.0
GBP1,0.07393227890122299,,0.08689514078735636
GBP2,0.24872142782590545,,0.16353397492187527
GCA,1.0,1.0,
GCDH,,1.0,
GCHFR,0.7190651850846027,,0.6823583939571402
GCN1,,1.0,
GDAP1L1,,0.5057108496598942,
GDF10,,,0.7133593679048225
GDF9,,1.0,
GDPD3,,0.7799647161349289,
GEM,,1.0,1.0
GFAP,1.0,,1.0
GFRA1,1.0,,1.0
GFRA2,0.8170173022244027,,
GHITM,1.0,1.0,
GIGYF1,1.0,,1.0
GIMAP1,1.0,,1.0
GIMAP4,0.10502732561556091,,0.15888491070972824
GIMAP7,1.0,,1.0
GIMAP8,0.491069468647944,,0.4959450661697853
GINM1,,0.9995038074508272,
GINS1,1.0,,
GJA1,,,0.7362926091249792
GJC2,,,0.619865260597526
GKAP1,,1.0,
GLB1,,1.0,
GLB1L,,1.0,
GLB1L2,0.5231402811374996,,0.5205770165663213
GLCE,1.0,,1.0
GLDC,0.6790267229951559,,0.6512575372510226
GLI2,,0.39373470566131114,
GLI3,,0.5915597915597915,
GLIPR1,0.6120751930393463,,0.5505210901630339
GLIS3,,,0.8831073523181069
GLMP,,,1.0
GLRX,1.0,,1.0
GLS,,1.0,
GLYCTK,,,1.0
GMPR,,,1.0
GMPR2,1.0,,1.0
GNA11,0.2784669458981386,0.4585897972994747,
GNA12,,1.0,
GNA13,1.0,,
GNA15,0.7748587134462263,0.8986445027054164,0.7937003743749413
GNAI1,1.0,1.0,
GNAL,1.0,,
GNB2,1.0,,
GNB3,,,1.0
GNB4,1.0,,
GNG2,,1.0,
GNG3,,1.0,
GNG5,1.0,,1.0
GNG7,1.0,,
GNL1,1.0,1.0,
GNS,,,1.0
GOLGA1,,,1.0
GOLGA7,1.0,,
GOLGA8A,,,1.0
GOLIM4,1.0,,1.0
GOLM1,1.0,,
GOLPH3,,,0.7054195804195804
GOLT1B,1.0,1.0,
GON4L,,,0.7415135008258218
GPC1,0.8116284112319792,,0.7239129859345758
GPC3,0.24107538031588663,,0.21812140114527384
GPD2,1.0,,1.0
GPER1,0.3697174038083129,,
GPI,1.0,,
GPM6A,1.0,1.0,
GPM6B,1.0,,
GPR15,0.5084151058177032,,0.45066734507728295
GPR155,1.0,,1.0
GPR158,,1.0,
GPR173,,,0.7166167166167166
GPR22,0.05349706473301979,,
GPR68,0.39033579033579036,,0.40448689241792685
GPR85,,0.6693925543483066,
GPR88,1.0,,1.0
GPRC5B,1.0,,1.0
GPRC5C,1.0,,
GPRIN1,1.0,,
GPSM1,,,1.0
GPSM2,1.0,,
GPSM3,0.5132682919916962,,0.48786835482114455
GPX7,,0.39990918172736356,
GRAMD1C,1.0,,1.0
GRAMD2B,,1.0,1.0
GRAMD4,1.0,,1.0
GRB10,0.9924219473091653,,0.9595672620062863
GRB2,1.0,,
GREM1,0.8420928975422283,,0.9020543186496993
GRIA2,,1.0,
GRIA3,1.0,,
GRIK2,1.0,1.0,
GRIK3,1.0,,1.0
GRIN2B,,,1.0
GRIN2D,1.0,,1.0
GRK2,0.46218496449621266,,0.44289309416697953
GRK3,,0.8088219472834858,
GRK4,,0.8344988344988344,
GRK5,1.0,,1.0
GRM1,0.9669353782464323,1.0,
GRM4,,,1.0
GRM5,1.0,1.0,
GRM8,1.0,,
GRN,,0.1849874263667367,0.0775186352109429
GRPEL2,1.0,,
GSAP,0.2784669458981386,,0.3029645513721947
GSE1,1.0,,1.0
GSTA4,,,0.10943807323897821
GSTK1,0.2276548588023998,,0.22712566621196062
GSTM2,0.17250865076952035,,
GSTM3,0.2194425686045798,0.3874458874458874,
GSTO1,0.569210182156021,,0.5315217942005979
GTF2IRD1,0.9973667230525086,,1.0
GTPBP1,0.769839840900603,,
GTPBP6,1.0,,
GTSE1,1.0,1.0,
GTSF1,0.2194425686045798,,0.15888491070972824
GUCA1A,1.0,,
GUCA1B,0.5461609915051211,,0.5042858376191709
GUCD1,,,1.0
GUCY1A1,0.2194425686045798,,0.18895167332667334
GUCY1A2,0.23806193806193807,,
GUCY1B1,0.30651751681794603,0.48096730855351544,
GUK1,0.06434106434106435,,0.10077422577422578
GXYLT2,,1.0,1.0
GYPC,0.8371156781561405,,0.7364940534969353
H1F0,0.2988883363332702,,0.30736138861138856
H2AFY2,1.0,,
H6PD,,1.0,
HACD4,0.1951327361163427,,0.15888491070972824
HACE1,,1.0,
HADH,0.8829220230319133,,
HAP1,,,1.0
HAPLN2,,,0.40929839391377854
HAPLN3,0.26265049504486127,,0.26313270063270067
HAUS5,1.0,,1.0
HAVCR2,0.2291505286157693,,0.23150149598512318
HCFC1,,0.6358086358086358,
HCK,,,0.16795704295704297
HCLS1,0.05951548451548452,,0.0775186352109429
HCN3,,1.0,1.0
HCRTR2,0.9924219473091653,,0.9705382899604409
HCST,0.4189245610565408,,0.38939593501310854
HDAC2,,,1.0
HDAC8,,,0.31351981351981356
HDAC9,,,0.4227436429117102
HDGFL3,,,0.9666530085547007
HDLBP,,1.0,
HEATR5A,,1.0,
HECA,0.7403601633968125,0.8559964625538397,
HECTD1,1.0,,
HECTD2,,,1.0
HEG1,,0.7366364978305276,
HENMT1,1.0,,1.0
HERC2,0.41116051478745785,0.5923451548451548,
HERC3,1.0,,
HERC5,0.24967471552837409,,0.2803355735173917
HERC6,0.30651751681794603,0.459825888397317,
HES1,0.7672255205933963,,0.7353794853794854
HES4,,1.0,1.0
HES5,0.7126196172248803,,0.7012894891993252
HEXIM1,1.0,,1.0
HEXIM2,,1.0,
HEY2,0.7403601633968125,,0.730760467602573
HGSNAT,1.0,,1.0
HIBADH,,,1.0
HIF3A,0.9309922220636506,,0.9280366988175551
HIGD2A,1.0,,1.0
HILPDA,0.23806193806193807,,0.22712566621196062
HIP1R,1.0,,1.0
HIPK2,0.5890192281944859,0.761432116270826,
HIPK3,0.8406206233957431,,0.8213641197512166
HIST1H1C,,0.31402743597865546,
HIST1H2AC,0.8304486211462956,0.9025366692860489,
HIST2H2BE,1.0,1.0,
HIST3H2A,,0.9315531527296234,
HIVEP2,0.3874425755076749,0.5643720441408303,
HK1,0.6431057094564203,0.7823426573426574,0.6081485142898816
HK2,0.6363745610404176,,0.6253052186992962
HLA-A,0.25827474412380075,,0.2406840732083451
HLA-B,0.40512294722821035,,0.34617100456795113
HLA-C,0.05951548451548452,,0.0775186352109429
HLA-DMA,0.1469518136184803,,0.10943807323897821
HLA-DMB,0.07979729767439266,,0.04478854478854479
HLA-DOA,0.06434106434106435,,0.07113474760533585
HLA-DPA1,0.06434106434106435,,0.06201490816875432
HLA-DPB1,0.06434106434106435,,0.09302236225313149
HLA-DQB1,0.1805987116331944,,0.13653282201669298
HLA-DRA,0.04408554408554408,,0.04478854478854479
HLA-E,0.05349706473301979,,0.06201490816875432
HLA-F,0.06434106434106435,,0.08689514078735636
HMGA2,1.0,,1.0
HMGCLL1,1.0,,1.0
HMGCR,,1.0,1.0
HMGCS1,,0.856058834782239,0.7771618962754697
HMGN1,,,0.9571910174516038
HMGN4,1.0,,1.0
HMGN5,1.0,,1.0
HMOX2,1.0,,1.0
HNRNPH1,1.0,,1.0
HNRNPM,,1.0,
HOMER1,,,1.0
HOMER3,1.0,,
HOOK3,,,1.0
HOPX,1.0,,1.0
HOXB3,,,1.0
HOXB4,1.0,,1.0
HOXB5,,1.0,1.0
HOXB9,,,0.7156284036925963
HOXC4,1.0,,1.0
HPCA,1.0,1.0,
HPCAL4,,0.826058896855357,
HPS3,1.0,,1.0
HPS6,1.0,,1.0
HR,,0.9308847181187607,
HRASLS5,1.0,,
HS3ST1,,1.0,
HS3ST2,1.0,,1.0
HS3ST4,1.0,1.0,1.0
HS3ST5,,,0.40098644810686696
HSBP1L1,0.2784669458981386,,0.22712566621196062
HSD11B1,0.45149677908298597,,
HSD11B1L,,,0.9781732937958155
HSD17B11,1.0,,0.9678220330394244
HSD17B7,,0.9025366692860489,0.7959331577513395
HSF2,,1.0,1.0
HSP90AA1,0.1574728773172353,,
HSPA4L,0.8231611217858763,,0.7496456150484586
HSPA5,,,0.3111038339254107
HSPB1,0.11229336701034814,,0.13653282201669298
HTATIP2,1.0,,1.0
HTR2A,,0.8986445027054164,
HTR2C,0.65053438905029,0.7823426573426574,
HTRA1,,,0.42916784707829486
HUNK,0.8924614966471199,0.9742947635324317,
IARS,1.0,1.0,
ICA1L,1.0,,
ICAM1,0.06434106434106435,,0.06201490816875432
ICAM2,0.42749178334021826,,0.4208004833004833
ICAM5,0.9509991756495253,1.0,
ICMT,,1.0,
ID1,,0.8255756219828077,
ID2,0.627246527981822,,0.6024729761256707
ID3,,0.8088219472834858,
ID4,1.0,,
IDI1,,0.2314156431803491,0.10566617848171247
IDS,1.0,1.0,
IER2,1.0,,1.0
IER3,,,0.18485972626100014
IFFO2,0.5890192281944859,,0.5710124239172447
IFI16,0.7159951883078919,0.8559964625538397,0.7054195804195804
IFI27,0.16752506752506752,,
IFI35,0.07393227890122299,,0.10566617848171247
IFI44,0.04408554408554408,,
IFI44L,0.04408554408554408,,
IFI6,0.05349706473301979,0.17166833166833168,0.06201490816875432
IFIT1,0.04408554408554408,,
IFIT2,0.3697174038083129,,0.42537864145904347
IFIT3,0.04408554408554408,,0.04478854478854479
IFIT5,0.23179715021820285,,
IFITM1,0.23806193806193807,,0.2406840732083451
IFITM2,0.4177236732603002,,0.406553994890187
IFITM3,0.19966485127775452,,0.18895167332667334
IFNAR1,0.08724783070332807,,0.08689514078735636
IFNAR2,0.08724783070332807,,0.0775186352109429
IFRD1,,,0.33524890950633524
IFT172,1.0,,
IFT22,1.0,1.0,
IFT81,1.0,,1.0
IGDCC4,,0.5915597915597915,0.4272827172827172
IGF1R,,,0.16795704295704297
IGF2,,1.0,1.0
IGF2BP2,1.0,1.0,1.0
IGF2R,,0.5232175232175232,
IGFBP2,0.3027980791138686,,0.305505021294495
IGFBP3,,0.8088219472834858,
IGFBP4,,,0.2767255627667527
IGFBP5,0.4098805542283803,,0.40239829494595525
IGFBP6,,,0.3527097902097902
IGFBP7,,0.1849874263667367,
IGSF3,0.4172219533044276,,
IK,1.0,,
IKBKE,0.18687455888821075,,0.14061519875473363
IKZF1,0.19966485127775452,,0.23711582535111947
IL10RA,0.05349706473301979,,0.04478854478854479
IL13RA1,0.05951548451548452,0.14305694305694305,0.0775186352109429
IL16,0.11229336701034814,,0.10566617848171247
IL17RA,,,0.17334542590515287
IL17RC,0.6893375984285075,,0.6053592216520197
IL17RD,0.04408554408554408,,
IL18BP,0.05349706473301979,,0.09302236225313149
IL1R1,,,0.04478854478854479
IL27RA,0.04408554408554408,,0.05559957284095215
IL2RA,0.11229336701034814,,0.10566617848171247
IL2RB,0.07393227890122299,,0.06201490816875432
IL2RG,0.06434106434106435,,0.0775186352109429
IL34,0.5966692340738142,,0.5758527187098617
IL6R,0.04408554408554408,,0.04478854478854479
IL6ST,0.11229336701034814,0.22991294419865851,0.1293891293891294
IL7R,0.05951548451548452,0.16093906093906094,0.05559957284095215
IL9R,1.0,,0.9944324543381148
ILDR2,0.19966485127775452,,
ILF3,0.5764588814327034,0.7247318719016832,0.5119385363618741
IMP3,1.0,1.0,
INA,,,1.0
ING1,0.8304486211462956,,
ING5,,,0.6732395755504998
INO80,,1.0,
INO80C,1.0,,
INO80D,,,1.0
INPP5D,0.10502732561556091,,
INSIG1,,0.9769157017479165,
INSIG2,1.0,,
INSM1,0.908846568593861,0.9742947635324317,
INTS11,1.0,,1.0
INTS2,,,1.0
INTS5,,,0.9781732937958155
INTS6L,,,0.377491836656991
INTU,0.2112975781614835,,0.23711582535111947
IP6K2,,1.0,1.0
IPCEF1,1.0,,
IPO5,1.0,,1.0
IPO7,,,0.5395538313826252
IPO9,1.0,,
IQGAP1,1.0,,1.0
IQGAP3,1.0,1.0,
IRAK4,0.05951548451548452,,0.05559957284095215
IRF1,0.04408554408554408,,0.04478854478854479
IRF2,0.06434106434106435,,0.10943807323897821
IRF2BPL,0.4030678316392602,,0.40239829494595525
IRF3,0.05349706473301979,,0.05559957284095215
IRF4,0.04408554408554408,,0.04478854478854479
IRF5,0.04408554408554408,,0.04478854478854479
IRF7,0.04408554408554408,,0.04478854478854479
IRF8,0.05349706473301979,,0.06201490816875432
IRF9,0.06434106434106435,0.17166833166833168,0.0775186352109429
IRS1,,0.7110270681699253,0.5505210901630339
IRS4,0.8304486211462956,0.920776045470422,
ISCA2,,,1.0
ISG15,0.04408554408554408,,0.04478854478854479
ISLR,,,0.5136234733008926
ISLR2,,,1.0
ISM2,,0.8844024192861402,
ISYNA1,1.0,1.0,1.0
ITFG1,0.33454732640068685,,
ITGA2,0.07979729767439266,0.25545882688739835,0.07113474760533585
ITGA5,0.24462504913632732,,0.2819870712247394
ITGA6,0.5235387019619384,,0.48786835482114455
ITGA8,,,0.9366760407222834
ITGA9,0.7147056000767792,,0.6705484991199278
ITGAE,0.41384261177720727,,
ITGAM,0.04408554408554408,,0.04478854478854479
ITGB1,,,0.23581168831168833
ITGB2,0.04408554408554408,,0.05559957284095215
ITGB3BP,0.1574728773172353,,
ITGB4,,,0.5818701347255417
ITGB5,,0.5643720441408303,0.4272827172827172
ITK,0.2784669458981386,,0.2918977574149988
ITM2A,0.6767106053629269,,0.6388705633988653
ITM2B,0.8364338364338364,,0.8170589518298413
ITPK1,0.5220073222866519,,
ITPKB,,,0.1293891293891294
ITPR1,,,1.0
ITPR2,,,1.0
ITPRIP,,0.686852896057917,0.4721820653266257
JADE2,0.7350068266822746,,0.7214995113904925
JAK1,0.12926440075761342,,0.13653282201669298
JAK2,0.07393227890122299,,
JAK3,0.16752506752506752,,0.15888491070972824
JARID2,,,1.0
JCAD,,,1.0
JMJD6,0.2955979718729164,0.5006993006993008,
JMJD8,0.8371156781561405,,
JMY,,0.9742947635324317,
JPT2,1.0,1.0,
JRK,0.5351528580411414,,
JUN,0.5913446348785657,,0.6074576586204493
JUNB,0.07393227890122299,,0.06201490816875432
KALRN,1.0,,
KANK2,,1.0,
KANK4,,1.0,
KAT2A,0.4480272518550031,,0.45066734507728295
KAT2B,0.3514693967449873,,
KCNAB2,1.0,1.0,1.0
KCNAB3,0.49581585327523287,,0.5282690993217308
KCNC1,1.0,,
KCND2,,,1.0
KCNE4,,,1.0
KCNH4,,1.0,1.0
KCNH8,1.0,,1.0
KCNIP2,1.0,,1.0
KCNIP3,0.6537738044111161,,0.6272425196547508
KCNIP4,1.0,,1.0
KCNJ2,,1.0,1.0
KCNJ3,1.0,,
KCNJ4,1.0,,
KCNJ5,,1.0,
KCNJ9,,1.0,
KCNK12,1.0,,
KCNK5,1.0,,1.0
KCNK6,1.0,,1.0
KCNK9,1.0,1.0,
KCNMB2,,1.0,
KCNQ3,1.0,,
KCNQ5,1.0,,1.0
KCNV1,1.0,1.0,1.0
KCTD12,,,1.0
KCTD13,,,1.0
KCTD16,,1.0,
KDELR1,,,1.0
KDELR3,,1.0,1.0
KDM1A,1.0,,
KDM3A,0.4205760905760905,,0.4460340930929167
KDM4C,1.0,,
KDM5D,1.0,,1.0
KDM7A,,1.0,
KHDRBS2,,,1.0
KHDRBS3,1.0,,
KIAA0408,,,1.0
KIAA0513,1.0,,
KIAA0586,0.9580039994547767,,0.9331693306693306
KIAA0930,0.9018802174317544,,
KIAA1217,0.9509991756495253,1.0,
KIAA1549,0.37281397847435577,,0.40448689241792685
KIAA1549L,0.627246527981822,0.8088219472834858,
KIAA1841,,,1.0
KIAA2013,,,1.0
KIF13A,,1.0,
KIF21A,,,1.0
KIF26B,,1.0,
KIF2A,1.0,,1.0
KIFC2,,1.0,1.0
KIFC3,1.0,,
KITLG,0.23179715021820285,,
KIZ,,0.2384282384282384,0.17334542590515287
KLC4,,1.0,1.0
KLF10,0.41940442108227344,,0.44289309416697953
KLF13,0.5351528580411414,,0.5136234733008926
KLF15,0.4310746349898063,,0.4592712035284776
KLF2,0.3874425755076749,0.5617088793559382,0.41272720453607825
KLF4,,,0.38118946271120185
KLF5,,0.8432300094271925,0.7171515052112067
KLF6,0.23179715021820285,0.4609052918912074,0.28578423764419386
KLF9,1.0,,1.0
KLHDC2,,1.0,
KLHDC8A,,,1.0
KLHL13,1.0,,1.0
KLHL2,,,1.0
KLHL32,1.0,,
KLHL4,1.0,,
KMT2A,,,0.4174201433084682
KMT2D,1.0,,
KMT5C,,,1.0
KPNA4,,,0.5107358581473023
KPNA5,,1.0,
KREMEN1,0.5115944227692079,,0.48786835482114455
KRT18,,,0.6053592216520197
KRT8,,,0.32892707292707296
KRTCAP2,0.7350068266822746,,
KSR2,,0.826058896855357,0.6953108938631172
KYAT1,,,1.0
L3MBTL1,1.0,,1.0
LAGE3,,,1.0
LAIR1,0.07393227890122299,,0.05559957284095215
LAIR2,,,0.32670353839708677
LAMA4,,,0.6732395755504998
LAMB1,,0.8634373542025258,
LAMB2,,0.7823426573426574,0.598803370542501
LAMC1,,0.6169330669330669,0.48651637797802766
LAMP1,,1.0,1.0
LAMTOR4,1.0,,
LAP3,0.1951327361163427,,0.14061519875473363
LAPTM4B,0.8200952590716369,,0.7478962521778887
LAPTM5,0.06434106434106435,,0.07113474760533585
LARP1,1.0,1.0,
LARS,0.43702191528278483,,0.4721820653266257
LASP1,1.0,,1.0
LAT,0.5044563564157178,,0.5131314631314631
LAT2,0.05951548451548452,,0.07113474760533585
LAX1,0.45380556943056943,,0.49261064253992126
LBH,0.47395309857315937,,
LCP1,0.24107538031588663,,0.23581168831168833
LDB2,,1.0,
LDHA,1.0,,1.0
LDHB,,,0.8639299565063757
LDLRAD3,0.8304486211462956,,0.8156442295306137
LDLRAD4,,,1.0
LDLRAP1,,0.8834230704360575,0.7229584574717317
LEAP2,0.17250865076952035,,0.16795704295704297
LEF1,0.5132682919916962,0.6169330669330669,0.5030382840300196
LENG8,,,1.0
LEPR,0.4030678316392602,,
LETMD1,0.7943349235934407,,
LGALS1,0.05349706473301979,,0.05559957284095215
LGALS3,0.7911423923508516,,0.7335426201705272
LGALS3BP,0.20920594556958194,,0.21812140114527384
LGALS8,0.9136431136431137,,0.8923731440972821
LGALS9,0.2112975781614835,,0.17975942975942977
LGI1,,1.0,
LGI4,1.0,,
LGMN,,,0.2617758711876359
LHX2,0.965337068429852,,0.9403380803710294
LHX6,1.0,,1.0
LIAS,,,1.0
LIG1,1.0,,1.0
LIG3,0.8704757846032084,,0.8777619247593138
LIMA1,,,1.0
LIMD1,1.0,1.0,
LIMS2,1.0,,1.0
LIN7A,,1.0,1.0
LIN7B,,1.0,
LIN7C,,1.0,
LINGO2,1.0,,
LIPG,0.5627493356577022,,0.5710124239172447
LITAF,0.8924614966471199,,
LLGL1,1.0,,
LMAN1,,,1.0
LMBR1L,0.5312125890638287,,0.5010873104795758
LMCD1,,0.8088219472834858,0.6349112511515181
LMO2,0.15175262984027924,,0.14061519875473363
LMO3,1.0,,1.0
LMO4,0.8829220230319133,,0.8777619247593138
LNPEP,0.29226354003139715,,
LNPK,,0.9742947635324317,
LONRF2,,,1.0
LOXL2,,,1.0
LPAR1,,0.8088219472834858,0.6130432067932068
LPAR6,0.36414828001826094,,0.3546040425739674
LPCAT4,,0.6358086358086358,0.4899266211677053
LPIN2,0.4205760905760905,,0.40929839391377854
LPXN,0.16752506752506752,,0.1132101940612579
LRCH1,1.0,,
LRCH2,,,1.0
LRCH4,,1.0,
LRIG1,0.4775601472434052,0.6344712979328364,
LRMP,0.30651751681794603,,0.28578423764419386
LRP1,,0.5923451548451548,0.39243296386153526
LRP10,0.11229336701034814,,0.1293891293891294
LRP1B,0.9455240258417663,,
LRP2BP,,0.8964043668413849,
LRP3,1.0,,1.0
LRP4,,1.0,1.0
LRP8,0.9518330101953796,,0.8817744755244755
LRRC1,0.05951548451548452,,0.08689514078735636
LRRC15,0.8710653401897642,,0.8170589518298413
LRRC32,,,0.5485442392658888
LRRC4,1.0,1.0,
LRRC40,,,0.7623296028549312
LRRC49,,,1.0
LRRC6,1.0,,
LRRC7,,1.0,1.0
LRRC8B,,1.0,1.0
LRRC8C,0.5144558830999508,,0.4844234712655765
LRRFIP1,0.6120751930393463,,0.6002744243708099
LRRN1,0.5089128948526366,,
LRRN4CL,,0.7006870680340068,
LRRTM2,0.7895157580755958,0.9025366692860489,
LRRTM4,0.9725949264410803,,
LRTOMT,,1.0,
LSAMP,,1.0,
LSM12,,,1.0
LSS,0.2112975781614835,,0.2038130408916926
LST1,0.04408554408554408,,0.04478854478854479
LTB,0.04408554408554408,,0.05559957284095215
LTBP1,,0.856058834782239,
LTBP2,,,0.17334542590515287
LTBP4,,,0.8105634203195179
LUC7L,1.0,,1.0
LUC7L3,,1.0,1.0
LY6E,0.4977025898078529,,0.5253607319832486
LY6G6C,,,0.7064416313909215
LY6H,1.0,,1.0
LYN,0.12926440075761342,,
LYPD6,1.0,,
LYRM2,1.0,,
LYSMD2,1.0,,1.0
LZTS1,0.9924219473091653,,
LZTS3,,1.0,
M6PR,0.2355821262071262,,
MACROD1,1.0,,1.0
MAD2L2,0.6100337162837163,,0.5559957284095215
MAF,,,0.333098039684866
MAFF,0.15175262984027924,,0.15341747804434372
MAFK,0.20535694337611268,,0.16353397492187527
MAGED1,0.4937580937580938,,0.47507849293563575
MAL,0.1400364341540812,,0.09302236225313149
MAL2,1.0,,1.0
MAMDC4,,,0.18895167332667334
MAML1,0.3623678825990965,,
MAN1A1,1.0,1.0,1.0
MAN1C1,0.641805937530403,,0.6303461639032109
MAN2A2,,,0.6512575372510226
MAN2B1,,0.37180641141037185,
MAN2B2,,,0.5665694507004331
MAN2C1,,,1.0
MAOB,0.9864000977925028,,
MAP1LC3A,1.0,,
MAP1LC3B,0.7870816873868756,,0.729113813016252
MAP2K1,1.0,,1.0
MAP3K14,0.17250865076952035,,0.1132101940612579
MAP3K21,,,1.0
MAP3K5,0.21828028704819535,,
MAP4,0.7210898660952367,,0.7171515052112067
MAP4K1,0.7149629478247541,,0.696371739715393
MAP6,,,1.0
MAP7,1.0,,1.0
MAPK10,,,0.6303461639032109
MAPK11,,,0.2406840732083451
MAPK12,0.5535580011386463,,0.5315217942005979
MAPK15,0.7403601633968125,,0.6732395755504998
MAPK7,0.5089128948526366,,
MAPK8IP1,0.9789462873575023,,1.0
MAPK9,0.7895157580755958,,0.7171515052112067
MAPKAP1,,0.3375500903590791,
MAPRE2,1.0,,
MAPRE3,,,1.0
MAPT,1.0,,
MARCKS,1.0,,0.97092090601706
MARS,0.6078814267493513,0.7247318719016832,
MARVELD1,,0.8560280689660743,0.7171515052112067
MASP1,0.07393227890122299,,0.10077422577422578
MAST2,,,0.7362926091249792
MAT2A,1.0,1.0,1.0
MATK,1.0,,1.0
MAVS,0.07979729767439266,,
MAX,0.5197126816845127,,
MBD2,1.0,,1.0
MBIP,,,0.7229584574717317
MBNL1,1.0,,1.0
MBOAT2,,,0.5161804638314705
MBOAT7,1.0,,1.0
MBP,0.8270257710885779,,0.7496456150484586
MBTD1,0.6537738044111161,,
MBTPS1,0.7190651850846027,,
MBTPS2,,0.7037011571424526,
MC1R,,,1.0
MCC,,1.0,
MCCC2,,1.0,
MCL1,0.2355821262071262,,0.1949304426916367
MCM2,1.0,1.0,
MCM3,1.0,,
MCM3AP,0.769839840900603,0.8553613053613054,
MCM4,1.0,1.0,
MCM7,1.0,,1.0
MCOLN1,1.0,1.0,
MCUB,1.0,,1.0
MDC1,0.2826306113977347,,
MDFIC,,,0.3909252381721299
MDM1,0.5478949045570848,,
MDM2,0.07979729767439266,,0.09302236225313149
MDM4,1.0,,1.0
ME3,1.0,,
MEAF6,,0.31402743597865546,
MED10,0.6011665102574194,0.7992946650664773,
MED15,0.43529124597085755,,
MED16,,0.4198410285366807,
MED19,1.0,,
MED22,,1.0,
MED28,0.8349418697244784,,0.8354709949041216
MED8,1.0,,
MEGF10,0.3514693967449873,,0.42961643619538353
MEGF11,0.8502212073640646,,0.8604568508414663
MEI1,1.0,,1.0
MEIS2,1.0,,1.0
MEPCE,,,1.0
MESP1,,0.9318850163920586,
MEST,,0.8388891561696094,
MET,,0.9353723199877046,
METAP1D,1.0,1.0,
METRNL,,,0.4560539923754761
METTL15,0.6956698856698856,,
METTL17,,,1.0
METTL22,,,0.7335426201705272
METTL27,1.0,,
MEX3A,1.0,,
MFAP1,1.0,,
MFAP3,,0.761432116270826,0.5502428163096544
MFGE8,0.769839840900603,,
MFHAS1,1.0,,1.0
MFSD1,,,0.4959450661697853
MFSD12,,,0.500511988011988
MFSD14A,0.44824953527485173,0.6639638388517312,
MFSD2A,,,0.4808667032525648
MFSD4B,1.0,,
MFSD5,,0.8088219472834858,
MFSD6,1.0,,1.0
MGAT1,1.0,,1.0
MGAT2,1.0,,
MGAT3,1.0,,
MGAT4A,0.7210898660952367,0.8344988344988344,
MGAT4B,0.9309922220636506,,
MGAT4C,1.0,,1.0
MGLL,1.0,,1.0
MGP,,,0.6598492806870896
MIB1,,,1.0
MIB2,,,0.9713022977022977
MICAL1,1.0,,1.0
MICAL2,0.39033579033579036,,0.34617100456795113
MICALL1,1.0,,
MID1,0.5144558830999508,0.7124906343656343,
MIEF1,,1.0,
MIEF2,,1.0,
MIEN1,0.9832118894618895,,0.9419947349281778
MIF,0.9701839256633777,,
MITD1,1.0,,
MITF,0.3157453073242547,0.4857169857169857,
MKI67,,1.0,
MKNK2,0.3514693967449873,,0.3616570345542308
MKRN1,,1.0,
MKS1,,,1.0
MLC1,,,1.0
MLIP,0.9455240258417663,,0.9090246488205672
MLKL,0.41940442108227344,,0.4332963453484626
MLLT3,,0.5198031781882713,
MLPH,1.0,,1.0
MLXIP,1.0,,
MLYCD,0.9737973384429406,,
MMAB,1.0,,1.0
MMACHC,,1.0,
MMP14,,,0.2038130408916926
MMP17,,,0.3841789978974095
MMP2,,,0.18895167332667334
MMP24,0.20535694337611268,,
MMP25,0.2070103809234244,,0.18178879943585827
MMP9,,,0.10943807323897821
MOAP1,1.0,,
MOB3A,,,1.0
MOB3B,0.41116051478745785,,0.36901150320267967
MOB3C,0.9608524006114367,,0.9217527834728508
MORC3,1.0,,
MORN4,,1.0,0.9136406886831335
MPDZ,0.7264202606815028,,0.6607863854395338
MPND,,1.0,
MPP3,,,0.5224135864135864
MPPED1,0.24967471552837409,,
MPST,,,0.44289309416697953
MR1,0.2112975781614835,,0.22615306771150928
MRAP2,0.8878361126990012,,
MRC2,0.3805451054521687,,0.4174201433084682
MREG,,,1.0
MRFAP1L1,1.0,1.0,
MRPL10,,1.0,
MRPL17,1.0,,1.0
MRPL32,,1.0,
MRPL40,1.0,,
MRPL41,1.0,,
MRPL42,1.0,,1.0
MRPL54,1.0,,
MRPS18B,1.0,,
MRPS25,1.0,,
MRPS26,,,0.7914553453858756
MRPS36,1.0,,
MRPS6,,,1.0
MRRF,0.3514693967449873,,
MSANTD2,1.0,,1.0
MSANTD3,,1.0,1.0
MSI2,1.0,,1.0
MSL1,,0.5057108496598942,
MSMO1,,0.8560280689660743,0.7033629635670452
MSN,0.5132682919916962,,0.48786835482114455
MSRB3,1.0,1.0,
MSTO1,0.5819979760161815,0.7273400756546825,
MSX1,,0.6621216621216621,0.5107358581473023
MT-ATP6,,1.0,1.0
MT-CO3,1.0,,1.0
MT-ND2,0.38439358806331286,0.5915597915597915,0.406553994890187
MT-ND6,1.0,,1.0
MT1E,0.36055982852099355,,0.3527097902097902
MT1F,1.0,,1.0
MT2A,0.4205760905760905,,0.44970498251748253
MT3,1.0,1.0,
MTA1,0.6026504981164931,,0.6039229587616685
MTAP,0.6215410205557989,,
MTERF3,0.29226354003139715,,0.26313270063270067
MTHFD1,0.9467895420276372,,
MTHFD2,,0.9795249393463679,
MTIF3,,1.0,1.0
MTMR10,,1.0,
MTMR4,,,1.0
MTMR7,,1.0,
MTO1,1.0,,1.0
MTOR,,0.826058896855357,
MTPAP,1.0,,1.0
MTR,,,1.0
MTUS2,0.16355400324865974,,0.1949304426916367
MUM1,,,0.8249090195518767
MUS81,0.05349706473301979,,
MUTYH,1.0,,1.0
MVK,,,1.0
MVP,0.8640601680826189,,
MX1,0.04408554408554408,,0.04478854478854479
MX2,0.16752506752506752,,0.12194528160914717
MXD1,0.7974956250130727,0.8986445027054164,
MXI1,1.0,,
MXRA5,,,0.20768981710809964
MXRA8,,0.3044793044793045,0.20330104677930766
MYADM,0.8427574334062883,,0.830645714677829
MYCL,0.641805937530403,,
MYD88,0.05349706473301979,,0.04478854478854479
MYEF2,,,1.0
MYH10,0.641805937530403,0.8088219472834858,
MYH9,0.2070103809234244,,0.24595743239811038
MYL12B,1.0,,1.0
MYL6,1.0,,1.0
MYL9,0.1400364341540812,0.22991294419865851,0.10077422577422578
MYLIP,0.7472017034060829,,0.7188427874312566
MYLK,,,0.147138033069592
MYNN,0.7887011362621119,0.9025366692860489,
MYO10,1.0,1.0,
MYO15A,,1.0,
MYO16,1.0,,1.0
MYO19,1.0,,1.0
MYO1E,,,1.0
MYO1F,0.20920594556958194,,0.16353397492187527
MYO1G,1.0,,1.0
MYO5C,1.0,1.0,
MYOF,,0.4585897972994747,0.2891782130912566
MYORG,0.7911423923508516,0.902958427710903,
MYT1,,,0.6074576586204493
MZF1,0.5610780697331962,,0.6053592216520197
N4BP2L2,,,0.5030382840300196
N6AMT1,1.0,,
NAA40,1.0,,1.0
NAA60,1.0,,
NAAA,0.06434106434106435,,
NACA,,,1.0
NACC1,,1.0,
NACC2,,,0.9366760407222834
NAE1,1.0,,1.0
NAGA,,,0.7309803898725182
NAMPT,0.2112975781614835,,0.21812140114527384
NAP1L3,,1.0,1.0
NAPB,1.0,1.0,
NAPEPLD,,,1.0
NARF,,1.0,
NASP,0.5981759357393875,0.7403592717245855,0.5665694507004331
NAT1,0.3514693967449873,,0.32892707292707296
NAT9,0.8567552410101613,,0.8327322144048123
NATD1,,,1.0
NAV2,1.0,,1.0
NAV3,0.5208648294202292,,
NAXE,0.6537738044111161,,
NBL1,,,0.0775186352109429
NBN,0.23179715021820285,,
NCALD,1.0,,1.0
NCAM2,1.0,1.0,1.0
NCAPH2,0.9924219473091653,,
NCBP3,1.0,,
NCKAP1,1.0,,1.0
NCKAP1L,0.13633503060815835,,0.10077422577422578
NCOA2,0.4560999747915636,,0.4684639684639684
NCOA7,1.0,,1.0
NCOR1,,,0.43217274528749944
NCOR2,0.21453256046279304,0.3044793044793045,
NCR3LG1,0.6026504981164931,,
NDFIP1,0.38439358806331286,,
NDNF,1.0,1.0,
NDP,0.5144558830999508,,0.49923298458863313
NDRG1,1.0,,1.0
NDRG2,1.0,,1.0
NDUFA1,1.0,,
NDUFA12,,1.0,
NDUFA13,,1.0,1.0
NDUFA4,1.0,,
NDUFA4L2,1.0,,1.0
NDUFV3,1.0,,1.0
NEBL,1.0,,
NECAB1,,0.8986445027054164,
NECAB2,1.0,,1.0
NECAP1,1.0,,
NECAP2,,,1.0
NECTIN1,,0.9353723199877046,
NEDD1,1.0,,
NEDD4L,1.0,,1.0
NEDD9,0.6790267229951559,,0.6823583939571402
NEFH,,0.8255756219828077,0.6512575372510226
NEGR1,1.0,,1.0
NEIL2,1.0,,1.0
NEK11,,1.0,
NEK6,1.0,,1.0
NEK9,,1.0,
NES,1.0,,
NET1,,1.0,
NETO2,0.6945682379980822,,
NEURL1,,1.0,
NEUROD4,0.829855636087379,,0.8227940367600171
NF1,,,0.6074576586204493
NFATC1,0.24967471552837409,,0.3171910057155959
NFATC3,,,0.18485972626100014
NFE2L1,,,0.19171681976560026
NFE2L2,0.06434106434106435,,
NFIC,0.37893754185889017,0.5972996076088859,
NFIL3,0.05951548451548452,,0.07113474760533585
NFKB1,0.05349706473301979,,0.06201490816875432
NFKB2,0.23179715021820285,0.4254710806434944,0.23581168831168833
NFKBIA,0.05951548451548452,,0.07113474760533585
NFKBIZ,0.1217991311014567,,0.0775186352109429
NGEF,1.0,1.0,
NGLY1,1.0,,1.0
NHLRC2,0.1766537349576219,,0.2038130408916926
NHSL1,1.0,1.0,1.0
NINJ2,,,0.6303461639032109
NINL,1.0,,1.0
NIPAL2,,,0.38939593501310854
NIPSNAP2,1.0,,
NIT2,0.31029440644825257,,
NKD1,,1.0,
NKTR,,,1.0
NKX2-2,,,1.0
NKX3-1,,,0.4617291799109981
NLGN1,1.0,,1.0
NLGN2,,,1.0
NLGN4X,1.0,,1.0
NLN,1.0,,1.0
NLRC5,0.25179628064243453,,0.23711582535111947
NLRX1,,,0.4706820125981802
NMI,0.08724783070332807,,0.09302236225313149
NMRAL1,0.24107538031588663,,0.22615306771150928
NMRK1,1.0,,1.0
NMT1,1.0,,1.0
NNAT,1.0,,1.0
NOD1,0.04408554408554408,,0.04478854478854479
NOG,0.9356979918477245,,0.8354709949041216
NOL4,0.649259831078013,0.8088219472834858,
NOS1,,,0.6137115479676033
NOS1AP,,,1.0
NOTCH1,,0.9347280354306116,
NOTCH2,0.5333628120513366,0.6752041062385891,
NOTCH3,0.5089128948526366,0.6991614942434614,
NOV,0.6537738044111161,,0.6074576586204493
NOVA1,1.0,,1.0
NPAP1,,,0.7406182334412
NPAS2,0.5644117471932042,,0.6053592216520197
NPC1,0.8930025469535007,,
NPDC1,,,1.0
NPEPL1,,1.0,1.0
NPIPA1,,,0.7899220046009037
NPNT,0.9501594896331738,,
NPR2,,0.2314156431803491,
NPRL2,1.0,,
NPTX1,0.29226354003139715,,0.33524890950633524
NPTXR,1.0,,1.0
NQO1,,1.0,1.0
NR1D2,0.6472133067877749,,0.6303461639032109
NR1H2,0.39250355379387636,,0.4383189625908072
NR3C1,,0.14305694305694305,0.05559957284095215
NRARP,0.4775601472434052,,
NRBP2,0.7974956250130727,,0.7478962521778887
NRCAM,1.0,,
NRG3,,,0.6877840909090909
NRGN,1.0,,1.0
NRN1,0.7688957005727193,0.9211471455373895,
NRSN1,1.0,1.0,
NRSN2,0.9509991756495253,,0.9174635694534086
NSD1,,,1.0
NSD2,1.0,,1.0
NSD3,,1.0,1.0
NSG2,1.0,1.0,
NT5DC2,0.16752506752506752,0.30223297828931633,0.14061519875473363
NT5DC3,0.2235940854725385,,
NT5E,,0.8255756219828077,0.696371739715393
NTM,,,1.0
NTMT1,0.16355400324865974,,0.15341747804434372
NTNG1,0.9608524006114367,,0.9607524887784838
NTRK3,0.9412732657413508,,0.932708360087325
NTS,,,1.0
NUAK1,0.9973667230525086,,
NUB1,0.45149677908298597,,
NUCB1,1.0,,1.0
NUDT10,,1.0,
NUDT18,1.0,,
NUP107,1.0,,
NUP160,0.40512294722821035,,
NUP188,,0.17166833166833168,
NUP210,,,1.0
NUP43,,,1.0
NUPR1,,,1.0
NWD2,1.0,,
NXPE3,,1.0,
NXPH2,0.9356979918477245,,
NXPH3,1.0,,1.0
OAS1,0.13633503060815835,,0.10077422577422578
OAS2,0.1400364341540812,,0.09302236225313149
OAS3,0.20920594556958194,,0.22712566621196062
OASL,0.1217991311014567,,0.10566617848171247
OAZ2,,0.8986445027054164,
OCIAD2,1.0,,
ODC1,0.9309922220636506,,0.9217527834728508
ODF2L,,,1.0
OGDH,,,1.0
OGFR,0.9559642439087365,1.0,
OLFM1,1.0,,
OLFM3,1.0,,1.0
OLFML2A,,0.6693925543483066,0.4662325626181048
OLFML2B,,,0.5136234733008926
OLFML3,,,0.44080596822532303
OLIG1,,,0.7214995113904925
OMD,0.2235940854725385,,0.1949304426916367
OMG,1.0,,
OPHN1,1.0,,1.0
OPN3,,,0.5569506829048814
OPTN,0.2194425686045798,,0.22159777395379493
ORAI1,0.641805937530403,,0.6512575372510226
ORAI3,,0.6344712979328364,0.4772571642007844
ORC3,1.0,,
ORC6,1.0,,1.0
ORMDL1,,,0.773946053946054
OSBPL10,1.0,,1.0
OSBPL3,,,1.0
OSCP1,,1.0,
OSGEP,1.0,,
OST4,0.4177236732603002,,0.45767002228540693
OSTF1,1.0,1.0,1.0
OSTM1,0.9395511155511157,,
OTP,,,1.0
OTUD1,0.5959149407425269,,0.5665694507004331
OTUD3,,,1.0
OTUD7B,,0.13411588411588413,
OTX1,1.0,1.0,
OVGP1,,1.0,1.0
OXCT1,1.0,,1.0
OXR1,,1.0,
OXSM,,,1.0
P2RX7,,,1.0
P2RY1,0.05349706473301979,,0.0775186352109429
P2RY6,0.04408554408554408,,0.05559957284095215
P4HA1,1.0,,1.0
P4HA2,1.0,,1.0
P4HB,1.0,,1.0
PABPC4,,1.0,
PABPN1,,,1.0
PACS2,1.0,,1.0
PADI2,,0.8344988344988344,
PAG1,0.7147056000767792,0.8844024192861402,0.7351738290750875
PAGR1,1.0,1.0,
PAIP2B,1.0,,
PAK1,,,1.0
PAK3,,,1.0
PAK6,,1.0,
PALD1,0.43283988738534196,,0.45066734507728295
PALMD,1.0,,
PANK3,,1.0,
PANX2,,0.8382242757242758,
PAPLN,,,1.0
PAPSS2,,1.0,1.0
PAQR3,,,1.0
PAQR6,,,1.0
PAQR8,,1.0,
PARD3B,1.0,,1.0
PARM1,,0.8344988344988344,0.6303461639032109
PARN,,,1.0
PARP10,1.0,,1.0
PARP12,0.18687455888821075,,0.18485972626100014
PARP14,0.7190651850846027,,0.6512575372510226
PARP2,,1.0,
PARP8,1.0,,1.0
PARP9,0.5220073222866519,,0.5242403872723023
PARVA,,1.0,1.0
PARVB,1.0,,1.0
PATL1,1.0,,
PAWR,0.8442234600480549,,0.7846457689775663
PAX8,1.0,,1.0
PBXIP1,1.0,,1.0
PC,0.6472133067877749,,
PCBP1,1.0,,1.0
PCDH10,,,1.0
PCDH17,,1.0,1.0
PCDH19,,1.0,
PCDH9,,1.0,
PCDHA5,,1.0,
PCDHGA1,,1.0,
PCGF5,1.0,,1.0
PCIF1,1.0,,1.0
PCK2,1.0,,1.0
PCMT1,,1.0,
PCMTD2,1.0,,1.0
PCNP,,1.0,
PCSK4,1.0,,
PCSK5,,,0.6512575372510226
PCSK6,,,1.0
PCSK9,0.9522477522477523,,0.9292871557972229
PDCD5,,,1.0
PDE1A,0.05349706473301979,,
PDE2A,0.05951548451548452,,0.06201490816875432
PDE3B,0.1951327361163427,,0.1949304426916367
PDE4A,0.05951548451548452,0.13411588411588413,
PDE4D,0.05349706473301979,,0.06201490816875432
PDE7A,,,0.06201490816875432
PDGFD,,0.6945088106913833,
PDGFRA,,,0.4332963453484626
PDGFRB,0.2908449017046302,0.4585897972994747,
PDHX,,1.0,
PDIA2,,1.0,
PDIA3,,,1.0
PDIA5,1.0,,1.0
PDIA6,1.0,,1.0
PDK1,1.0,,1.0
PDK3,1.0,,1.0
PDLIM1,0.8550428777271878,,0.7731346007208076
PDLIM2,,,1.0
PDLIM3,0.5890192281944859,,0.6272425196547508
PDLIM4,,,0.4844234712655765
PDP1,1.0,,1.0
PDPN,0.2955979718729164,,0.32670353839708677
PDRG1,,1.0,
PDS5B,,0.8088219472834858,
PDXDC1,,,0.28578423764419386
PDZD2,,,1.0
PDZD4,,1.0,
PDZRN4,1.0,,1.0
PEA15,,,0.40098644810686696
PEAK1,,,0.9966681669978373
PEAR1,,0.459825888397317,0.26811064224459147
PECAM1,0.21828028704819535,,0.18178879943585827
PEPD,,0.5163461538461538,
PER1,0.23179715021820285,,
PER2,0.980018291091833,,0.9762904293159069
PER3,1.0,,1.0
PERP,0.42749178334021826,,0.42916784707829486
PEX12,1.0,,1.0
PFAS,1.0,1.0,
PFDN2,,1.0,
PFKFB3,0.5748477244540237,,0.569964947770434
PFKFB4,0.43283988738534196,,0.45767002228540693
PFKP,1.0,,
PFN1,0.5024596945994326,,0.4808667032525648
PGAM1,0.15175262984027924,,0.17975942975942977
PGAP1,0.7420759157160831,,
PGBD5,,,1.0
PGF,0.6363745610404176,,
PGGHG,1.0,,1.0
PGK1,0.4637096032801554,,0.5119385363618741
PGM1,,1.0,
PHC1,0.9361510375745251,,0.9635158363903302
PHF1,,1.0,
PHF11,0.40715654328219775,0.5915597915597915,0.37140921235985225
PHF14,,1.0,
PHF19,,1.0,1.0
PHF24,1.0,,1.0
PHF6,,,1.0
PHGDH,1.0,1.0,1.0
PHKA1,1.0,1.0,
PHKA2,1.0,1.0,
PHKB,,,1.0
PHLDA1,,1.0,1.0
PHLDB1,,,1.0
PHLDB2,,1.0,1.0
PHLPP1,0.6377174340810704,,0.6053592216520197
PHYKPL,1.0,,1.0
PI4KB,1.0,,1.0
PICK1,,1.0,1.0
PID1,,,1.0
PIDD1,0.29226354003139715,,0.30736138861138856
PIEZO1,1.0,,1.0
PIFO,,1.0,
PIGL,,1.0,
PIGM,1.0,,1.0
PIK3AP1,0.2070103809234244,,0.2038130408916926
PIK3CB,0.7112986241982935,,0.6723963140453626
PIK3CD,0.2112975781614835,,0.23150149598512318
PIK3CG,0.21453256046279304,,0.19859319566064434
PIK3IP1,1.0,1.0,1.0
PIK3R5,0.8304486211462956,,0.7771618962754697
PIM1,0.7714970214970215,,0.7406182334412
PIM2,0.6120751930393463,0.761432116270826,0.6074576586204493
PIM3,0.5913446348785657,,0.5107358581473023
PINX1,1.0,,
PIP4K2A,1.0,,1.0
PIP5K1B,,0.6752041062385891,
PIP5K1C,1.0,,
PIR,0.5044563564157178,,0.497246809134921
PITPNA,,1.0,
PITPNC1,1.0,,
PITPNM1,1.0,,
PITPNM3,1.0,,1.0
PIWIL2,,1.0,1.0
PJA1,,,1.0
PJA2,1.0,1.0,
PKDCC,,0.7992946650664773,
PKIA,1.0,1.0,
PKIB,1.0,,1.0
PKM,0.6142585809252475,,0.6002744243708099
PKMYT1,,1.0,
PKP4,1.0,,1.0
PLA2G16,1.0,,1.0
PLA2G4C,,0.5948352165968747,
PLAC8,0.16355400324865974,,0.18485972626100014
PLAGL1,0.7076095175542689,0.8088219472834858,0.6593761841606669
PLBD1,,,0.5690779808426867
PLCB1,1.0,,1.0
PLCD3,,,0.9179569373990338
PLCE1,1.0,,1.0
PLCG1,0.6945682379980822,,0.6512575372510226
PLCG2,0.16752506752506752,,0.18178879943585827
PLCH1,1.0,,1.0
PLCL2,,,0.7335426201705272
PLD1,1.0,1.0,1.0
PLD2,,0.3874458874458874,
PLEC,,,0.6531743744325088
PLEK,0.06434106434106435,,0.10943807323897821
PLEKHA1,,,1.0
PLEKHA2,0.8567552410101613,,0.8521207101399915
PLEKHB2,1.0,,
PLEKHF1,1.0,,1.0
PLEKHG2,1.0,1.0,
PLEKHG3,1.0,,
PLEKHG5,1.0,,1.0
PLEKHM1,,,0.9403380803710294
PLEKHO2,,,0.2891782130912566
PLIN2,0.853130709594588,,0.834141858141858
PLIN3,,,1.0
PLIN5,0.829855636087379,,0.7582332681482823
PLOD1,,1.0,1.0
PLOD2,1.0,,1.0
PLP2,0.39250355379387636,,0.4592712035284776
PLPP3,0.8567552410101613,0.9742947635324317,
PLPPR4,,1.0,
PLPPR5,,0.5643720441408303,
PLS3,1.0,1.0,
PLSCR1,0.18687455888821075,,0.15888491070972824
PLSCR4,0.8746474519955182,,0.8849999481487371
PLTP,,0.31402743597865546,
PLVAP,1.0,,1.0
PLXDC1,0.37588727062411276,,
PLXDC2,1.0,,
PLXNA1,1.0,,1.0
PLXNA2,1.0,,
PLXNA3,1.0,,0.97092090601706
PLXNB1,0.4977025898078529,0.686852896057917,0.5205770165663213
PLXNB2,0.7159951883078919,0.856058834782239,
PLXNB3,0.25827474412380075,,
PLXND1,0.5235387019619384,,
PMCH,0.7126196172248803,0.8344988344988344,
PMEPA1,,1.0,
PML,0.4177236732603002,,0.44873051476825065
PMP2,0.9924219473091653,,0.9639132088606623
PMP22,,,0.42961643619538353
PNCK,1.0,1.0,
PNMA1,1.0,,
PNMA2,,1.0,
PNOC,0.9309922220636506,,
PNPLA8,1.0,1.0,
PNRC1,0.7911423923508516,,0.7381083407954809
PODXL,0.25179628064243453,0.3874458874458874,
POGLUT1,0.6530655745192674,,
POLA1,,1.0,
POLB,1.0,,1.0
POLE,1.0,1.0,1.0
POLE2,1.0,,
POLR1A,,1.0,
POLR2D,,0.88488830756872,
POMT2,1.0,,
POP7,1.0,,
POU2F1,,,0.305505021294495
POU3F3,1.0,,
PPARA,,0.22991294419865851,
PPCS,,,1.0
PPFIA2,,1.0,1.0
PPFIA3,,1.0,
PPFIBP2,,1.0,
PPIB,0.4231333450602554,,0.44080596822532303
PPIC,,1.0,1.0
PPIP5K2,0.25827474412380075,,0.23711582535111947
PPL,,0.8559964625538397,
PPM1K,,0.921516439764615,0.7731346007208076
PPM1M,0.5451553866188013,,0.4912743506493506
PPP1CA,1.0,,1.0
PPP1R16B,1.0,,1.0
PPP1R18,1.0,,
PPP1R1B,1.0,,1.0
PPP1R2,1.0,,1.0
PPP1R3E,,,1.0
PPP1R3F,,1.0,
PPP1R9A,,,1.0
PPP2R5A,0.8970449840015058,,0.8783379956273093
PPP2R5B,0.31337240254437704,,
PPP2R5C,,,0.5311394487865077
PPP4R1,0.3835442335442335,0.5915597915597915,
PPP5C,,,1.0
PPP5D1,1.0,,
PPP6R1,,,1.0
PPRC1,,0.8225774225774225,
PQLC2,,1.0,
PRAG1,0.7974956250130727,,
PRCP,,,1.0
PRDM1,0.31874401748878733,,0.3421636503031852
PRDM10,,1.0,
PRDM11,,1.0,
PRDM5,1.0,,
PRELP,,0.9742947635324317,
PREPL,,1.0,
PRF1,0.1400364341540812,,0.1293891293891294
PRICKLE2,1.0,,1.0
PRKAA2,1.0,,
PRKAB2,,1.0,
PRKACB,0.6994059155921682,0.8438752258976979,
PRKAR2B,,1.0,
PRKCE,0.44824953527485173,0.6169330669330669,
PRKCH,0.31874401748878733,,0.3111038339254107
PRKCQ,1.0,,1.0
PRKG2,1.0,,1.0
PRKX,1.0,,1.0
PRMT2,,0.7799647161349289,
PRMT3,,,1.0
PROSER3,,1.0,
PROX1,,,0.4174201433084682
PRPF4B,1.0,,1.0
PRPH,0.9563700368895174,1.0,0.9366760407222834
PRR11,,1.0,1.0
PRR13,1.0,1.0,1.0
PRRT2,1.0,1.0,
PRRX1,,,1.0
PRSS23,,0.5617088793559382,0.3421636503031852
PRSS53,,0.972032554601362,
PRTG,0.25179628064243453,0.4082819835032225,
PSAT1,0.1951327361163427,0.3044793044793045,
PSD,1.0,1.0,
PSD2,,1.0,
PSKH1,1.0,1.0,
PSMB10,0.7293812570408316,,0.7030472086766867
PSMB9,0.06434106434106435,,0.06201490816875432
PSMC6,,1.0,
PSMD7,1.0,,
PSME1,0.2355821262071262,,0.19171681976560026
PSME2,0.355455938952992,,0.363460287393497
PSME3,,1.0,
PSME4,,,1.0
PSRC1,1.0,,1.0
PTAR1,1.0,,
PTBP1,,1.0,
PTBP2,1.0,,1.0
PTBP3,,1.0,
PTEN,0.4498808278335838,0.6358086358086358,
PTGDR2,0.44824953527485173,,0.4484532899746846
PTGDS,1.0,,
PTGFRN,,0.3612917694550348,0.18178879943585827
PTH1R,,,1.0
PTH2,,,0.12194528160914717
PTH2R,0.05951548451548452,,0.04478854478854479
PTK2,0.6755446596536268,,0.64940915438153
PTK2B,0.9924219473091653,,0.9619357914812461
PTP4A1,1.0,,1.0
PTP4A2,1.0,,1.0
PTP4A3,1.0,,1.0
PTPA,,,0.14061519875473363
PTPN12,0.52610373052362,,0.5010873104795758
PTPN13,1.0,1.0,
PTPN6,0.20920594556958194,,0.20330104677930766
PTPN7,0.6700599171995053,,0.6343377604538318
PTPRC,0.05349706473301979,,0.04478854478854479
PTPRG,1.0,,1.0
PTPRJ,0.11229336701034814,,0.10943807323897821
PTPRK,0.1400364341540812,0.2314156431803491,
PTPRN,,0.9312197236725538,
PTPRS,1.0,,
PTPRU,0.5764588814327034,,
PTPRZ1,0.9970454191936291,,0.975546019475732
PTS,,,0.5690779808426867
PURG,0.5235387019619384,,0.49463230704415473
PUS7,,1.0,
PWWP2A,,,0.9456256857896204
PXDC1,,,1.0
PXDN,0.09618664164118709,0.2314156431803491,
PXMP4,1.0,,1.0
PXN,1.0,,1.0
PYCR1,0.07979729767439266,0.16093906093906094,
PYGL,,,1.0
PYGO2,,,0.6017384058249442
QKI,1.0,,1.0
QSER1,1.0,,1.0
QSOX2,1.0,,1.0
R3HDM2,,1.0,1.0
R3HDM4,0.2291505286157693,,0.2718130493359851
RAB11FIP3,1.0,,
RAB11FIP5,1.0,,1.0
RAB14,,1.0,
RAB1A,1.0,,
RAB1B,,,1.0
RAB20,1.0,,1.0
RAB21,,1.0,
RAB27A,1.0,,1.0
RAB29,,,1.0
RAB30,1.0,,
RAB32,,,1.0
RAB33A,,1.0,
RAB36,,1.0,
RAB37,1.0,,1.0
RAB3A,1.0,,
RAB3B,1.0,,1.0
RAB3C,,1.0,
RAB3IL1,,,0.6607863854395338
RAB6B,1.0,,
RABL6,0.7291758401683696,,
RAC2,1.0,,0.9583801064679829
RAD52,0.39535286142429,,0.4537183746486072
RALGPS1,,,1.0
RALYL,1.0,,
RANBP17,1.0,,1.0
RAP1A,1.0,,1.0
RAP1GAP,1.0,,
RAP2A,1.0,,1.0
RAPGEF3,1.0,,1.0
RAPGEFL1,,,1.0
RARB,,,0.7116351797848258
RARG,,0.6358086358086358,0.4592712035284776
RARRES2,,,0.39243296386153526
RARRES3,0.1805987116331944,,0.2038130408916926
RASA3,1.0,,1.0
RASAL2,,,1.0
RASAL3,1.0,,1.0
RASD2,1.0,,
RASGEF1C,1.0,1.0,
RASGRF1,1.0,,
RASGRF2,,1.0,1.0
RASGRP1,1.0,,1.0
RASGRP2,1.0,1.0,
RASGRP3,,,1.0
RASL10A,1.0,1.0,
RASSF1,1.0,,1.0
RASSF3,0.21828028704819535,,0.16353397492187527
RASSF5,1.0,,1.0
RASSF7,1.0,,
RAVER1,1.0,1.0,
RAVER2,1.0,,1.0
RBBP4,1.0,,1.0
RBBP7,1.0,,
RBBP8,1.0,1.0,
RBFA,,,0.7156284036925963
RBFOX1,1.0,,1.0
RBL2,1.0,1.0,1.0
RBM15,1.0,,
RBM18,1.0,,
RBM25,,,1.0
RBM28,1.0,,1.0
RBM33,,0.22587938377412065,0.147138033069592
RBM47,,1.0,
RBM5,,,1.0
RBM6,1.0,,1.0
RBM7,1.0,,1.0
RBMS1,1.0,1.0,1.0
RBMS2,1.0,1.0,
RBMS3,,1.0,
RBP1,,0.459825888397317,0.2918977574149988
RBPJ,0.7870816873868756,,0.7406182334412
RCAN1,0.27553465053465054,,0.3546040425739674
RCC2,1.0,1.0,
RCHY1,,0.9025366692860489,
RCN2,0.36414828001826094,,0.36901150320267967
RCSD1,0.3805451054521687,,0.31351981351981356
RDH11,,1.0,
RDX,,1.0,
REC8,1.0,,
RECK,0.804583090865397,,
RECQL,0.4098805542283803,,0.44970498251748253
REEP5,0.2712798829077899,0.4609052918912074,
REEP6,0.13633503060815835,,
RELA,0.06434106434106435,,0.04478854478854479
RELB,0.08724783070332807,,0.07113474760533585
RELL1,,,0.7229584574717317
REPIN1,1.0,,1.0
REPS1,1.0,,1.0
REPS2,1.0,,1.0
RETREG2,1.0,,
REV3L,0.1951327361163427,,0.23711582535111947
REXO2,0.6537738044111161,0.8088219472834858,
RFLNB,0.9412732657413508,,0.9025790605636891
RFNG,,,0.7214995113904925
RFPL2,0.9773922840362363,,
RFTN1,0.6562491718201061,,0.6074576586204493
RFX3,,,1.0
RFX4,,,1.0
RGCC,1.0,,1.0
RGL1,1.0,,1.0
RGR,0.46218496449621266,,0.5010873104795758
RGS1,0.9580039994547767,,0.925529474730484
RGS10,1.0,,1.0
RGS12,1.0,,
RGS14,1.0,,1.0
RGS17,,1.0,1.0
RGS19,0.37893754185889017,,0.34418274033658647
RGS2,0.2194425686045798,0.40234765234765235,
RGS4,0.7943349235934407,,
RGS5,,1.0,1.0
RGS7,1.0,,
RHBDF2,0.5593978784900014,,
RHBDL3,0.04408554408554408,,
RHNO1,1.0,,1.0
RHOA,,,1.0
RHOB,1.0,,
RHOD,1.0,1.0,1.0
RHOF,1.0,1.0,1.0
RHOG,1.0,,1.0
RHOJ,,,1.0
RHOU,,,1.0
RIC8A,1.0,,1.0
RIMKLB,,,0.7937003743749413
RIMS4,,1.0,
RIN2,,1.0,
RIN3,1.0,,1.0
RIOK3,1.0,,
RIPK1,0.05349706473301979,,0.05559957284095215
RIPOR2,0.43702191528278483,,0.4601562820740903
RNASEH2B,0.7170229553761513,,0.7415135008258218
RNASEL,0.42567366408426016,,
RND1,1.0,,
RNF111,,,1.0
RNF113A,1.0,,1.0
RNF114,0.6755446596536268,,
RNF125,0.5890192281944859,,0.6053592216520197
RNF135,,,0.04478854478854479
RNF144A,1.0,,
RNF144B,1.0,,1.0
RNF146,1.0,,
RNF149,,0.2882490643684674,
RNF167,1.0,,1.0
RNF19A,1.0,,1.0
RNF19B,1.0,1.0,1.0
RNF207,1.0,,
RNF208,1.0,,
RNF213,1.0,,1.0
RNF220,,,1.0
RNF4,,,1.0
RNF44,,,1.0
RNF5,0.7911423923508516,,
RNMT,1.0,,
RORB,,0.6621216621216621,0.49923298458863313
RORC,0.5197126816845127,,0.500511988011988
RPL22L1,1.0,,
RPL27,,,1.0
RPL34,,,1.0
RPL36AL,1.0,,1.0
RPL6,1.0,,1.0
RPLP0,,,1.0
RPN1,0.7170229553761513,,0.7156284036925963
RPP14,1.0,,1.0
RPRD1A,,,1.0
RPRD1B,1.0,,1.0
RPS11,,,1.0
RPS15A,,,1.0
RPS19,,,1.0
RPS24,,,1.0
RPS4X,,,1.0
RPS4Y1,0.670482311303292,,0.6732395755504998
RPS6,1.0,,1.0
RPS6KA1,0.3623678825990965,,0.3659108419256021
RPS6KA2,0.9924219473091653,,0.9766608590138003
RPS6KA4,0.4231333450602554,,0.45767002228540693
RPS6KA6,0.30651751681794603,,0.3244438488340927
RPS7,1.0,,1.0
RRAS,,,1.0
RRBP1,,0.31402743597865546,0.14061519875473363
RRM2,,,1.0
RRM2B,,0.7992211869762891,0.6081485142898816
RSAD1,,,0.6074576586204493
RSAD2,0.04408554408554408,,0.04478854478854479
RSBN1,1.0,,
RSPH1,,0.6358086358086358,
RSPH3,1.0,,1.0
RSPO2,0.5132682919916962,0.697623364290031,
RSU1,1.0,,
RTKN,,1.0,
RTP1,0.5220073222866519,,0.5010873104795758
RUBCNL,1.0,,
RUFY2,1.0,,1.0
RUFY3,,,1.0
RUNX2,0.3697174038083129,,
RYBP,1.0,,
RYK,0.2291505286157693,,
RYR1,,0.6162452931683701,
RYR3,1.0,,1.0
S100A10,0.8919184735046175,,0.8501164915927657
S100A11,0.07979729767439266,,0.0775186352109429
S100A4,0.2112975781614835,0.31402743597865546,0.1949304426916367
S100A6,1.0,,1.0
S100B,0.38439358806331286,,0.377491836656991
S1PR3,0.07979729767439266,,0.07113474760533585
S1PR4,0.2235940854725385,,0.18485972626100014
S1PR5,,,0.4706820125981802
SAAL1,,1.0,1.0
SACS,1.0,,1.0
SALL1,1.0,1.0,
SALL3,0.6530655745192674,,
SAMD4A,1.0,,1.0
SAMD5,0.641805937530403,,
SAMD9L,1.0,,1.0
SAMHD1,0.15175262984027924,,0.10566617848171247
SAP30L,1.0,,1.0
SARAF,0.9484789616715739,1.0,0.932708360087325
SARDH,,1.0,
SASH1,,0.5461006059808454,0.3584764203901165
SASH3,0.30651751681794603,,0.2718130493359851
SAT1,,,0.340113011988012
SATB1,0.1400364341540812,,
SBF2,,,1.0
SBK1,,,1.0
SBNO1,,1.0,
SCAI,,1.0,1.0
SCAMP2,,,1.0
SCAMP4,,0.6621216621216621,0.48651637797802766
SCAP,,0.6169330669330669,
SCARA3,,1.0,1.0
SCCPDH,,,1.0
SCG2,,,0.6607863854395338
SCG5,1.0,1.0,
SCGN,1.0,,
SCLY,1.0,,1.0
SCMH1,1.0,1.0,
SCML2,1.0,,1.0
SCN1A,1.0,1.0,1.0
SCN2A,,1.0,
SCN3A,,1.0,1.0
SCOC,,1.0,
SCRG1,1.0,,
SCRIB,1.0,1.0,
SCRN2,0.6669014108738563,,0.6303461639032109
SCUBE3,0.8406206233957431,,
SDAD1,,1.0,
SDC2,,0.686852896057917,0.5282690993217308
SDC4,0.8406206233957431,,0.8032675128863876
SDF2L1,0.1469518136184803,,0.15888491070972824
SDF4,1.0,,1.0
SDK2,1.0,1.0,1.0
SEC11A,1.0,,
SEC14L1,,,1.0
SEC16A,,0.6746790327576354,
SEC31B,,,1.0
SEC61A2,,,0.9693752031101428
SEC61G,1.0,,
SEC62,1.0,,
SEC63,,,1.0
SECISBP2,,,1.0
SEL1L,0.5132682919916962,,
SELENBP1,,1.0,
SELENOI,0.9970454191936291,1.0,
SELENOM,0.8829220230319133,,0.8249090195518767
SELENON,,1.0,
SELENOP,,0.3874458874458874,
SELENOW,1.0,,
SELL,0.17250865076952035,,0.13653282201669298
SELP,0.07979729767439266,,
SELPLG,0.3514693967449873,,0.32670353839708677
SEMA3A,,,1.0
SEMA3B,0.47105101899622437,,
SEMA4A,,,1.0
SEMA4B,,,1.0
SEMA5A,1.0,1.0,0.9759188180240811
SENP6,1.0,1.0,
SEPHS1,1.0,,
SEPHS2,1.0,,
SERGEF,1.0,,
SERINC1,1.0,1.0,
SERPINB6,0.694236489767216,,0.6953108938631172
SERPINB9,0.6809429309429309,,0.6157908911365132
SERPINE2,0.8692901167414606,,0.8199316378688576
SERPINF1,,0.37180641141037185,
SERPING1,0.08724783070332807,,0.08689514078735636
SERPINI1,,1.0,
SESN2,,1.0,
SESN3,1.0,1.0,
SESTD1,,,0.40448689241792685
SETD6,0.5627493356577022,,0.5710124239172447
SETX,,,0.7239129859345758
SEZ6L,0.4560999747915636,,0.46398767395746254
SF3B5,1.0,,
SFI1,,,0.5725864764089178
SFPQ,1.0,1.0,
SFRP2,0.05951548451548452,,0.05559957284095215
SFRP4,,0.2314156431803491,0.10943807323897821
SFXN2,1.0,1.0,
SFXN5,0.45838012918758253,,
SGCD,0.08724783070332807,0.24907235621521337,
SGIP1,,1.0,
SGK2,,,1.0
SGK494,,1.0,0.9811766765200074
SGPP2,,,1.0
SGSM2,,,1.0
SGSM3,,1.0,1.0
SH2B3,0.16752506752506752,,
SH2D2A,0.5004513734440742,,0.49463230704415473
SH2D3A,0.5084151058177032,,0.5187305991595536
SH2D3C,0.804583090865397,,0.75666394097396
SH2D4A,,,1.0
SH3BGRL3,0.8147322509340313,,0.7763623980090214
SH3BP4,1.0,,
SH3D19,,0.341921814449287,0.2038130408916926
SH3GL3,,1.0,
SH3GLB2,1.0,,1.0
SH3KBP1,1.0,,1.0
SH3PXD2A,1.0,1.0,
SH3PXD2B,,0.6752041062385891,
SH3RF1,1.0,1.0,
SH3TC1,0.3253020271653812,,0.2803355735173917
SH3YL1,1.0,,
SHC1,,0.851766617783331,0.6981472136111312
SHC3,1.0,,
SHISA2,1.0,,
SHISA5,0.4310746349898063,,0.4617291799109981
SHISA7,,,0.9571910174516038
SHOX2,,,1.0
SHQ1,,,1.0
SHROOM2,1.0,,1.0
SHROOM3,1.0,1.0,
SHTN1,1.0,,
SIAE,0.9789462873575023,,0.9571910174516038
SIAH2,0.6874372818193043,,
SIGIRR,0.05349706473301979,,0.04478854478854479
SIK1,,1.0,
SIK2,,1.0,
SIPA1L1,0.8100718725718725,,0.7496456150484586
SIRT5,0.2712798829077899,,
SIX2,,1.0,1.0
SKA3,1.0,,
SKAP1,1.0,,1.0
SKAP2,1.0,,1.0
SKP1,,1.0,
SKP2,0.31874401748878733,0.459825888397317,
SLA,0.05349706473301979,,0.06201490816875432
SLAMF1,0.3974746390376941,,0.3909252381721299
SLAMF6,0.4775601472434052,,0.48786835482114455
SLC12A5,,1.0,
SLC13A4,1.0,1.0,
SLC14A1,1.0,,1.0
SLC15A2,0.3805451054521687,,0.340113011988012
SLC16A3,0.6417072698661146,,0.6272425196547508
SLC16A7,1.0,1.0,
SLC16A9,1.0,,
SLC17A6,1.0,,
SLC17A9,1.0,,1.0
SLC18A2,,,1.0
SLC19A1,0.25179628064243453,0.459825888397317,
SLC1A2,0.24462504913632732,,0.22712566621196062
SLC1A5,,0.9993413665980039,
SLC20A2,,0.2314156431803491,
SLC22A23,,0.31402743597865546,
SLC22A4,0.05951548451548452,,
SLC25A25,0.980018291091833,,
SLC25A27,,,1.0
SLC25A29,1.0,,1.0
SLC25A37,1.0,1.0,
SLC25A42,,1.0,
SLC25A44,1.0,,
SLC26A10,1.0,,1.0
SLC26A2,1.0,,1.0
SLC28A3,,,0.8313200601713514
SLC29A2,1.0,,1.0
SLC2A12,0.07393227890122299,0.18934007169301287,
SLC2A3,0.19108650546777636,,0.2108844833640474
SLC30A3,,1.0,
SLC35A2,,,1.0
SLC35E3,0.6621952759883795,,0.6512575372510226
SLC35F1,0.40099085311851274,,0.4601562820740903
SLC35F2,0.6100337162837163,,0.5665694507004331
SLC35F6,,1.0,1.0
SLC35G1,1.0,,1.0
SLC37A4,0.795922795922796,,0.773946053946054
SLC38A10,,0.7081318681318681,0.5665694507004331
SLC38A5,1.0,,1.0
SLC39A10,1.0,,1.0
SLC39A8,1.0,,0.9883809104281545
SLC39A9,,,1.0
SLC40A1,,0.762544598258884,
SLC41A1,,1.0,
SLC43A3,0.4977025898078529,,0.44289309416697953
SLC46A1,0.37281397847435577,,
SLC4A8,1.0,,1.0
SLC5A6,0.5981759357393875,,
SLC6A1,1.0,,1.0
SLC6A15,,,1.0
SLC7A1,1.0,1.0,
SLC7A11,0.641805937530403,0.7823426573426574,0.6272425196547508
SLC7A3,0.8704757846032084,,0.8313200601713514
SLC7A5,0.44326139350216404,0.6358086358086358,
SLC7A7,,0.22991294419865851,0.09302236225313149
SLC7A8,,0.7260408764168162,
SLC8A2,1.0,,1.0
SLC8A3,1.0,,1.0
SLC9A3R1,0.29226354003139715,,0.2819870712247394
SLC9A5,1.0,,1.0
SLC9A9,1.0,,1.0
SLC9B2,,,1.0
SLCO1A2,,,0.34418274033658647
SLFN5,1.0,,1.0
SLIT3,,0.9303884521275826,
SLITRK1,1.0,,
SLITRK5,1.0,,1.0
SLITRK6,0.9970454191936291,,0.9331693306693306
SLK,0.1574728773172353,,0.16795704295704297
SLN,,,0.7364940534969353
SLU7,1.0,,
SLX4,0.1805987116331944,,
SMAD2,,,0.2572958955937679
SMAD3,,0.25034965034965034,0.10566617848171247
SMAD5,,,1.0
SMAD6,,0.7247318719016832,0.5253607319832486
SMAD7,0.5610780697331962,0.7124906343656343,0.5437121018516368
SMAD9,0.8692901167414606,,
SMAP2,1.0,,
SMARCA4,0.7974956250130727,,
SMARCC1,1.0,,1.0
SMARCD2,1.0,,1.0
SMC3,,,1.0
SMC4,1.0,,1.0
SMCO4,0.48328363365957355,,0.4684639684639684
SMCR8,,,1.0
SMG9,1.0,,1.0
SMO,0.3223755411255411,0.459825888397317,
SMOC2,0.8427574334062883,,0.8163528640576346
SMPD1,0.05951548451548452,,0.09302236225313149
SMTN,,,0.975546019475732
SNAP25,1.0,1.0,
SNAPC3,,,1.0
SNAPC4,,,1.0
SNCA,,1.0,
SNCAIP,1.0,1.0,
SNCB,1.0,,1.0
SNCG,,1.0,
SNED1,,,0.8968473586499337
SNRK,0.7547701778471009,,
SNRNP200,1.0,,
SNTB1,0.5376636968473704,,0.48786835482114455
SNX10,1.0,1.0,
SNX15,1.0,1.0,
SNX20,0.8014435763439748,,0.7614894503992249
SNX24,1.0,,1.0
SNX3,,,1.0
SNX30,1.0,,1.0
SNX8,,,1.0
SOAT1,,,1.0
SOBP,,,1.0
SOCS2,,,0.932708360087325
SOCS3,0.09618664164118709,,0.1132101940612579
SOCS4,,,1.0
SOD2,0.23806193806193807,,0.24939808393045804
SOD3,,,1.0
SOGA1,1.0,,
SORBS1,0.42999693245998666,,
SORCS1,1.0,,1.0
SORCS2,1.0,,1.0
SORL1,1.0,,1.0
SORT1,0.16355400324865974,,0.19171681976560026
SOSTDC1,,1.0,
SOX1,1.0,,1.0
SOX11,1.0,,1.0
SOX15,,0.8088219472834858,
SOX4,0.6011665102574194,,
SOX5,1.0,,1.0
SOX6,1.0,,1.0
SOX9,,0.8088219472834858,
SP110,0.07979729767439266,,0.05559957284095215
SP4,,,1.0
SP8,1.0,1.0,
SPAG5,,1.0,
SPARC,,0.18934007169301287,
SPARCL1,0.4177236732603002,,0.406553994890187
SPART,0.6120751930393463,,
SPATA13,1.0,,1.0
SPATA2L,,1.0,0.9366760407222834
SPATA6,1.0,1.0,
SPCS3,0.829855636087379,,
SPECC1,,,1.0
SPEN,1.0,,
SPG7,0.08724783070332807,,
SPHK1,,,0.5042858376191709
SPINT2,1.0,1.0,
SPIRE2,,,1.0
SPN,0.5796560210622711,,0.6074576586204493
SPOCK2,0.7200797050097373,,0.7279455838279367
SPP1,0.4498808278335838,,0.4560539923754761
SPPL2B,,,1.0
SPR,0.9361510375745251,,
SPRED1,1.0,,1.0
SPRED2,1.0,1.0,
SPRY4,,0.9025366692860489,0.7899220046009037
SPSB1,1.0,,1.0
SPTBN1,1.0,,1.0
SPTSSB,,1.0,1.0
SQLE,,1.0,
SQOR,1.0,,1.0
SRF,,,0.34418274033658647
SRGAP3,1.0,,1.0
SRGN,0.05349706473301979,,0.0775186352109429
SRPX,,,0.2819870712247394
SRR,1.0,,
SRRM2,1.0,,1.0
SRSF1,1.0,1.0,
SRSF10,,1.0,
SRSF3,,1.0,
SRSF6,1.0,,
SS18L2,1.0,,
SSBP3,0.36055982852099355,,0.3373659739082136
SSBP4,0.8809821950317819,,
SSH3,,,1.0
SSR1,1.0,,
SSTR1,1.0,,1.0
SSTR3,,,0.2572958955937679
ST20,1.0,,
ST3GAL1,0.8567552410101613,,
ST3GAL2,,,0.9366760407222834
ST3GAL3,0.7149629478247541,,
ST3GAL6,,,0.9149171439247775
ST6GAL1,,,1.0
STAC2,,1.0,
STAG3,1.0,,
STAMBPL1,1.0,1.0,1.0
STARD4,,1.0,
STARD9,1.0,,1.0
STAT1,0.06434106434106435,,0.05559957284095215
STAT2,0.15175262984027924,,0.16795704295704297
STAT3,0.05349706473301979,,0.04478854478854479
STAT4,0.08724783070332807,,0.10566617848171247
STAT5A,0.04408554408554408,,0.04478854478854479
STAT6,0.04408554408554408,,0.06201490816875432
STC1,0.2070103809234244,,0.18485972626100014
STEAP1,,,0.5758527187098617
STEAP2,,,0.7763623980090214
STEAP3,,,1.0
STIM2,0.7338561861866946,,0.7229584574717317
STK10,0.641805937530403,,0.6074576586204493
STK16,1.0,,
STK17A,1.0,,1.0
STK19,,,1.0
STK36,1.0,1.0,1.0
STK4,0.3835442335442335,,0.4227436429117102
STMN1,1.0,,1.0
STMN4,1.0,1.0,
STN1,1.0,,1.0
STOM,1.0,,1.0
STON2,1.0,,1.0
STOX1,1.0,,1.0
STRA6,,0.5057108496598942,
STRADB,0.36414828001826094,,0.2958350662213323
STRBP,1.0,,1.0
STT3B,0.980018291091833,,0.9174635694534086
STUM,1.0,,1.0
STX17,1.0,,1.0
STXBP5L,,,1.0
STXBP6,1.0,1.0,1.0
SUB1,1.0,,1.0
SUCLG2,1.0,,1.0
SUFU,,1.0,
SUGP2,1.0,,1.0
SUGT1,,0.7927124421969782,
SULF1,,0.5049068578480345,
SULF2,0.7188233844078,0.8639886429360113,
SULT1A1,1.0,,1.0
SULT1B1,,,1.0
SUN2,1.0,,1.0
SUPT5H,0.7328870704666883,,0.7550916444010105
SURF4,1.0,,1.0
SUSD1,0.5478949045570848,,0.5315217942005979
SUSD5,,0.9308847181187607,
SUSD6,0.5966692340738142,,0.5758527187098617
SVIL,1.0,1.0,
SVOP,1.0,1.0,
SWI5,1.0,,
SYBU,1.0,1.0,
SYDE1,,1.0,1.0
SYN3,0.7200797050097373,,0.6787223247956231
SYNE1,0.37588727062411276,,0.3546040425739674
SYNE3,0.2276548588023998,,0.22159777395379493
SYNGR2,,,0.5758527187098617
SYNJ2,,1.0,1.0
SYNM,0.965722956288994,,
SYNPO,,,1.0
SYNPO2,,,1.0
SYNPR,,,1.0
SYT11,1.0,,1.0
SYT13,1.0,,
SYT5,,,1.0
SYT7,1.0,,1.0
SYT9,1.0,,1.0
SYTL1,0.7291758401683696,,0.6686967693323626
SYTL2,1.0,,1.0
SZT2,1.0,,
TAB3,,,0.10566617848171247
TAC3,1.0,,1.0
TACC1,1.0,,1.0
TACC2,1.0,,
TAF11,,1.0,
TAF6,1.0,,
TAGAP,1.0,,1.0
TAGLN,,0.2641051256435872,
TAGLN2,0.05951548451548452,,0.08689514078735636
TANK,0.3281923837479393,0.459825888397317,
TAOK2,0.9018802174317544,,0.8473551096790534
TAP1,0.06434106434106435,,0.07113474760533585
TAP2,0.21453256046279304,,0.22159777395379493
TAPBP,0.41116051478745785,,0.44873051476825065
TARBP1,1.0,,1.0
TARDBP,,,0.8968473586499337
TAS2R4,,,0.9432070392661526
TAX1BP1,0.6100337162837163,,
TBC1D1,,1.0,
TBC1D10A,1.0,1.0,
TBC1D15,,1.0,1.0
TBC1D16,1.0,1.0,
TBC1D2B,1.0,,1.0
TBC1D5,,1.0,
TBC1D9,,,0.19859319566064434
TBCD,1.0,1.0,
TBCE,0.5843338479702116,,
TBL1X,0.9455240258417663,1.0,
TBL1XR1,0.9300627687724462,,
TBL2,,,1.0
TBX15,,,0.9883809104281545
TBX21,0.11229336701034814,,0.1132101940612579
TCERG1,,,1.0
TCF3,0.4480272518550031,0.6332886625569553,
TCF7,0.7943349235934407,0.851766617783331,0.7229584574717317
TCF7L1,,1.0,
TCF7L2,,,0.6598492806870896
TCHP,1.0,,
TCTEX1D2,,,1.0
TCTN1,1.0,,1.0
TEAD1,0.31337240254437704,,
TECPR1,,0.25034965034965034,
TENM4,0.4804262003057183,0.6711702394521778,
TERF2IP,,0.49685884585213447,
TES,0.9547275641025641,,0.9020543186496993
TESC,0.6904595963946468,,0.6607863854395338
TESPA1,1.0,,1.0
TET3,,,1.0
TEX264,0.5552651102248958,,
TEX30,1.0,,
TFAP4,0.8692901167414606,,
TFDP2,1.0,,1.0
TFEB,0.41940442108227344,,0.44970498251748253
TFF3,,,0.619865260597526
TFR2,,0.761432116270826,
TFRC,0.7805708081499706,,0.7171515052112067
TGFB1,0.04408554408554408,,0.04478854478854479
TGFB1I1,,,0.6668411122281747
TGFB3,,,0.6512575372510226
TGFBI,,,0.2819870712247394
TGFBR1,,0.6621216621216621,
TGFBR2,0.1766537349576219,,0.18895167332667334
TGFBR3,0.7943349235934407,0.9025366692860489,0.8018003794570552
TGFBRAP1,,0.9742947635324317,
TGIF2,,1.0,
TGM2,0.1469518136184803,,0.2108844833640474
TGOLN2,1.0,,1.0
TH,,0.20862470862470864,
THAP11,,,1.0
THAP8,0.8386012447610138,,
THBD,,,0.04478854478854479
THBS2,0.4652202759072988,,0.497246809134921
THBS3,1.0,,1.0
THBS4,0.06434106434106435,,0.08689514078735636
THEMIS2,0.06434106434106435,,0.06201490816875432
THNSL2,,,1.0
THOC1,1.0,,1.0
THRAP3,,1.0,1.0
THSD4,,,1.0
THUMPD2,0.9970454191936291,,0.9713022977022977
TIMELESS,0.5132682919916962,0.6621216621216621,0.4662325626181048
TIMM10,1.0,,1.0
TIMM23,,,1.0
TIMM8B,1.0,,
TIMP1,,,0.07113474760533585
TIMP3,0.2070103809234244,0.2882490643684674,
TIPARP,0.48613248613248616,,
TJAP1,0.42999693245998666,,
TJP1,,1.0,
TK2,0.4498808278335838,,
TLE2,1.0,,1.0
TLE3,1.0,,1.0
TLN1,1.0,1.0,1.0
TLN2,,1.0,0.9348631418456854
TM4SF1,,,0.5914690636240273
TM6SF1,0.29226354003139715,,0.26313270063270067
TM7SF2,,1.0,
TMBIM1,1.0,,1.0
TMBIM4,0.12926440075761342,,0.10566617848171247
TMC6,0.5024596945994326,,0.48786835482114455
TMC7,1.0,,
TMC8,0.2291505286157693,,0.19859319566064434
TMCC2,,1.0,
TMCO3,,1.0,
TMED10,1.0,,1.0
TMED2,,,1.0
TMED9,1.0,,1.0
TMEM100,,,0.6512575372510226
TMEM104,,,1.0
TMEM108,1.0,,
TMEM109,0.7530783472510839,,0.7229584574717317
TMEM115,,0.47685647685647686,
TMEM131,,0.40234765234765235,
TMEM131L,0.45838012918758253,,
TMEM132B,0.6120751930393463,,0.6017384058249442
TMEM132C,,1.0,
TMEM140,0.5780616250590142,,0.5665694507004331
TMEM143,1.0,,
TMEM144,,,0.8968473586499337
TMEM158,,0.5093008257565219,
TMEM159,1.0,1.0,
TMEM165,1.0,,
TMEM167B,0.9472182746830634,,
TMEM17,0.1469518136184803,,
TMEM173,0.1805987116331944,,0.19171681976560026
TMEM175,,,0.9280366988175551
TMEM176A,0.33733473004728065,,0.37140921235985225
TMEM176B,,,0.15341747804434372
TMEM177,1.0,,
TMEM179B,,,0.5311394487865077
TMEM185B,,,1.0
TMEM201,,1.0,
TMEM204,0.4977025898078529,,0.5131314631314631
TMEM206,,,0.729113813016252
TMEM214,,,1.0
TMEM218,0.34966844021169974,,
TMEM230,,0.9609045247096291,
TMEM231,,,0.6232604339787919
TMEM237,0.05349706473301979,,0.06201490816875432
TMEM242,0.5966692340738142,,
TMEM248,,1.0,
TMEM255A,1.0,,0.9623366908618125
TMEM263,0.4189245610565408,,0.4332963453484626
TMEM35A,1.0,1.0,
TMEM41B,0.491069468647944,,0.48651637797802766
TMEM45A,0.5208648294202292,,0.4830059808033377
TMEM47,0.286756425392789,,
TMEM50A,1.0,,
TMEM51,,,0.8957708957708957
TMEM59,1.0,,
TMEM60,,,0.7156284036925963
TMEM63A,1.0,,1.0
TMEM64,,,1.0
TMEM74B,,1.0,
TMEM80,0.2988883363332702,,
TMEM8A,,0.7391275391275391,0.5840991532739106
TMEM8B,,,1.0
TMEM94,,1.0,
TMEM97,,,1.0
TMEM98,1.0,,
TMEM99,,,1.0
TMEM9B,,,1.0
TMIGD2,0.25179628064243453,,0.2533751962323391
TMOD3,1.0,,1.0
TMPRSS3,0.2235940854725385,,0.20768981710809964
TMPRSS5,,,0.948463301404478
TMSB10,1.0,,1.0
TMTC1,0.7147056000767792,,
TMTC4,1.0,,1.0
TMUB1,1.0,,
TNC,0.4977025898078529,,0.44873051476825065
TNF,0.04408554408554408,,0.04478854478854479
TNFAIP1,1.0,,
TNFAIP2,0.05951548451548452,,0.13653282201669298
TNFAIP3,0.06434106434106435,,0.05559957284095215
TNFAIP6,0.2112975781614835,,0.18895167332667334
TNFAIP8L2,0.2194425686045798,,0.2572958955937679
TNFRSF10A,,0.14305694305694305,
TNFRSF10B,0.09618664164118709,,
TNFRSF12A,0.2194425686045798,,0.21812140114527384
TNFRSF14,0.05349706473301979,,0.05559957284095215
TNFRSF18,0.07979729767439266,,0.05559957284095215
TNFRSF1A,0.05349706473301979,0.16093906093906094,0.07113474760533585
TNFRSF1B,0.12926440075761342,,0.10077422577422578
TNFRSF21,,,0.49261064253992126
TNFRSF25,,,0.21688365981844246
TNFRSF8,0.07979729767439266,,0.0775186352109429
TNFRSF9,0.19966485127775452,,0.18485972626100014
TNFSF10,0.04408554408554408,,0.04478854478854479
TNFSF13B,0.08724783070332807,,0.04478854478854479
TNIK,0.7123525539367124,,
TNIP1,0.19108650546777636,,0.18178879943585827
TNIP2,0.5089128948526366,,0.497246809134921
TNK2,0.7589305813604879,,0.7064416313909215
TNKS,,,0.9366760407222834
TNKS1BP1,1.0,1.0,
TNN,,,0.5311394487865077
TNNC2,,1.0,
TNNT3,1.0,,1.0
TNS3,0.9563700368895174,,0.9366760407222834
TOB2,,1.0,
TOP1,0.6700599171995053,,0.6598492806870896
TOR1A,1.0,,1.0
TOR1AIP1,1.0,,1.0
TOX2,,,0.9689891765515257
TOX3,0.7472017034060829,,0.729113813016252
TP53,,0.3874458874458874,
TP53BP2,,,1.0
TP53INP1,0.7870816873868756,,0.7494843559482344
TP63,,,0.2038130408916926
TPBG,,1.0,
TPD52L1,0.9501594896331738,1.0,0.932708360087325
TPI1,1.0,,1.0
TPM1,,0.7992211869762891,
TPM2,,1.0,1.0
TPM3,1.0,,1.0
TPM4,,,1.0
TPP1,0.9123203216981396,,
TPPP3,,0.5923451548451548,0.363460287393497
TPST1,0.41940442108227344,,0.363460287393497
TPST2,,,0.5224135864135864
TRA2B,,1.0,
TRADD,0.08724783070332807,,0.1132101940612579
TRAF1,0.04408554408554408,,0.04478854478854479
TRAF5,0.04408554408554408,,0.06201490816875432
TRAF6,,0.13411588411588413,
TRAFD1,0.6215410205557989,,
TRAK2,,1.0,
TRAM1,,,0.18178879943585827
TRANK1,1.0,,1.0
TRAPPC12,0.24967471552837409,,
TRAPPC2L,1.0,,
TRAPPC4,,1.0,
TRERF1,0.57159990405373,,0.5710124239172447
TRIM11,1.0,,
TRIM14,0.4189245610565408,,0.4227436429117102
TRIM2,,,1.0
TRIM21,0.04408554408554408,,0.06201490816875432
TRIM22,0.10502732561556091,,0.0775186352109429
TRIM25,0.25827474412380075,,0.24939808393045804
TRIM26,,,0.7623296028549312
TRIM41,1.0,,
TRIM45,1.0,,
TRIM47,1.0,1.0,1.0
TRIM56,0.6120751930393463,,0.6053592216520197
TRIM62,1.0,,
TRIM69,0.4775601472434052,,0.4959450661697853
TRIM9,,1.0,
TRMT11,,1.0,1.0
TRMT13,0.6390538119679595,,0.6512575372510226
TRMT61B,,1.0,
TRMU,,,1.0
TRNP1,,,1.0
TRO,,,0.5437121018516368
TROVE2,,1.0,1.0
TRPM2,1.0,1.0,1.0
TRPM3,0.6352203488066401,0.8088219472834858,
TRPV2,1.0,,1.0
TRRAP,,0.31402743597865546,
TSC22D3,0.43283988738534196,0.5915597915597915,
TSC22D4,0.08724783070332807,,0.08689514078735636
TSHZ1,,1.0,
TSHZ2,0.3514693967449873,,
TSHZ3,1.0,,1.0
TSPAN15,0.5394347850250157,,0.49261064253992126
TSPAN33,0.7740065063141985,,
TSPAN4,,,0.7364940534969353
TSPO,0.8400839545070314,,
TSPOAP1,,,0.34617100456795113
TSPYL1,,,1.0
TSPYL2,1.0,,
TSPYL5,1.0,,1.0
TTC1,,,1.0
TTC17,,,0.8047319860556488
TTC28,0.641805937530403,,
TTC31,1.0,,
TTC33,0.07979729767439266,,
TTC37,1.0,,1.0
TTC8,1.0,,1.0
TTC9C,1.0,,
TTF1,0.6120751930393463,,
TTI1,,1.0,
TTLL4,1.0,1.0,
TTLL7,0.20920594556958194,,0.15341747804434372
TTN,0.43702191528278483,,0.42961643619538353
TTR,0.13633503060815835,0.2314156431803491,
TTYH1,1.0,,1.0
TUB,,,0.7906900791516177
TUBA1C,,,1.0
TUBA4A,0.42567366408426016,,0.44289309416697953
TUBE1,,,1.0
TUBGCP3,1.0,,1.0
TUBGCP5,,,1.0
TUBGCP6,1.0,,1.0
TULP3,,0.7992946650664773,
TWF2,1.0,,1.0
TXLNA,,1.0,1.0
TXLNG,,,1.0
TXNIP,0.05951548451548452,,0.05559957284095215
TYMP,0.3281923837479393,,0.2891782130912566
TYW5,,,1.0
U2AF1,,,1.0
UACA,0.31029440644825257,,
UAP1L1,1.0,,
UBA2,1.0,,1.0
UBA6,,1.0,
UBAP1,,1.0,
UBASH3B,1.0,,
UBB,0.6582357734431468,,0.6349112511515181
UBC,1.0,1.0,
UBE2G2,1.0,,1.0
UBE2H,1.0,,
UBE2L6,0.30651751681794603,0.4585897972994747,0.2958350662213323
UBE2QL1,1.0,,
UBE3B,,1.0,
UBE4B,1.0,,
UBN2,,,1.0
UBQLN1,,1.0,
UBTF,,1.0,
UBXN10,,,1.0
UBXN8,1.0,,
UCHL1,1.0,,1.0
UCHL5,,1.0,
UCKL1,,,1.0
UCP2,,,0.5710124239172447
UFD1,,,1.0
UFM1,1.0,,
UGCG,0.8154737661154245,,
UGGT2,1.0,,1.0
UGP2,0.7126196172248803,,
UGT8,0.8752277134630075,,0.9025790605636891
UHMK1,1.0,,
UHRF1BP1,0.8692901167414606,0.9742947635324317,
UHRF1BP1L,1.0,,
ULBP1,0.5208648294202292,0.6746790327576354,
ULBP2,0.5593978784900014,,0.5119385363618741
ULK1,1.0,,1.0
UNC119,1.0,,
UNC119B,,1.0,
UNC45A,,1.0,
UNC5A,1.0,,1.0
UNC80,1.0,,1.0
UNK,1.0,,1.0
UPF3A,,,1.0
UPP1,1.0,,
UPRT,1.0,,1.0
UQCC1,,,1.0
URB1,,1.0,
USP13,1.0,,1.0
USP15,1.0,,
USP25,0.6390538119679595,,
USP38,,1.0,
USP40,1.0,,1.0
USP48,,,1.0
USP49,,,1.0
USP9X,1.0,,1.0
USP9Y,1.0,,1.0
UST,,,0.5818701347255417
UTRN,0.4030678316392602,,0.3421636503031852
UTY,1.0,,1.0
UVSSA,,1.0,1.0
UXS1,,1.0,
VAMP2,1.0,,
VAMP5,1.0,,1.0
VAMP8,0.2070103809234244,,0.19859319566064434
VAPB,,0.9218839413014172,0.7747544934174461
VARS2,0.5905649620302577,,0.6081485142898816
VASN,,1.0,1.0
VASP,0.6363745610404176,,0.5892543819816547
VAV1,0.3514693967449873,,0.3616570345542308
VCAM1,0.2194425686045798,,
VCL,,1.0,
VCPIP1,1.0,,1.0
VDAC1,0.5577086902388108,0.716665573808431,
VEGFA,0.1400364341540812,,0.147138033069592
VGF,0.5936327100009965,0.7391275391275391,0.5311394487865077
VIM,0.33733473004728065,,0.377491836656991
VIPR1,0.9509991756495253,,0.9456256857896204
VKORC1,,,1.0
VN1R1,0.36055982852099355,,
VRK2,,,0.4601562820740903
VRK3,,,0.9781732937958155
VSIG10,0.6229384865748503,,0.5569506829048814
VSIR,0.07979729767439266,,0.04478854478854479
VSNL1,1.0,1.0,1.0
VSTM2L,1.0,,1.0
VTA1,0.7748587134462263,0.9204031262854793,
VWA1,0.8692901167414606,,0.8604568508414663
VWA5A,1.0,,1.0
VWA8,0.4480272518550031,,
WARS,0.2556751124770218,,0.23711582535111947
WAS,1.0,,1.0
WASF2,,,1.0
WDFY1,0.47105101899622437,,
WDFY2,1.0,,1.0
WDR1,1.0,,1.0
WDR17,,,1.0
WDR19,1.0,,1.0
WDR26,,1.0,1.0
WDR27,,,0.9762904293159069
WDR36,,1.0,
WDR45,,,1.0
WDR45B,1.0,,
WDR6,0.39535286142429,,0.44289309416697953
WDR60,1.0,,1.0
WDR74,,1.0,
WDR75,,1.0,1.0
WDR81,,0.851766617783331,0.7150800763313377
WDR90,1.0,,1.0
WFDC2,1.0,,1.0
WFIKKN2,0.40715654328219775,0.5617088793559382,
WFS1,,0.6358086358086358,
WHRN,,,1.0
WIPF1,0.13633503060815835,,0.16353397492187527
WIPI1,1.0,,1.0
WNK1,0.641805937530403,,
WNK2,1.0,,1.0
WNT5A,,0.14305694305694305,
WRAP73,1.0,,1.0
WRN,0.2988883363332702,,0.2803355735173917
WWC3,,1.0,
WWTR1,,,0.7590835178017082
XAF1,0.10502732561556091,,0.14061519875473363
XBP1,,,0.07113474760533585
XIAP,,,0.2842235369951556
XK,0.5064414601317639,,
XKR8,,,1.0
XPO1,,,1.0
XPOT,1.0,,1.0
XRCC2,1.0,,
YAP1,,1.0,
YBX3,,0.8002098236211949,0.6421012615702881
YIF1A,,,1.0
YIPF1,1.0,,1.0
YJEFN3,1.0,,1.0
YPEL2,1.0,1.0,
YPEL3,0.6537738044111161,0.8088219472834858,
YPEL5,1.0,,
YWHAH,1.0,1.0,
YY1AP1,1.0,,
ZADH2,,1.0,
ZBED1,,1.0,
ZBED4,1.0,,
ZBED8,,,1.0
ZBTB2,,,0.6343377604538318
ZBTB4,,,0.9085131223121001
ZBTB40,,1.0,
ZBTB41,,1.0,
ZBTB7A,0.5333628120513366,,0.5419878049411728
ZBTB8B,0.8185577968829201,,0.7747544934174461
ZC2HC1A,,,1.0
ZC3H12C,,0.18934007169301287,
ZC3H14,,,0.48582858189845085
ZC3H4,,0.3538376517099921,0.22712566621196062
ZC3H6,,,1.0
ZC3H8,0.44636613386613383,,0.38714702563623427
ZC3HAV1,1.0,,1.0
ZCCHC12,,0.6884615384615386,
ZCCHC14,0.7340452578044976,,
ZCCHC24,,0.16093906093906094,
ZCCHC3,1.0,,1.0
ZDBF2,,1.0,1.0
ZDHHC2,0.33454732640068685,0.459825888397317,
ZDHHC23,,0.16093906093906094,0.0775186352109429
ZFAND1,,1.0,
ZFAND2A,1.0,,
ZFAND3,,1.0,
ZFC3H1,,1.0,
ZFHX2,1.0,,1.0
ZFP1,,1.0,
ZFP14,,,1.0
ZFP30,,1.0,1.0
ZFP36,1.0,,1.0
ZFP36L1,0.49241978259835395,,
ZFP36L2,,,1.0
ZFP37,,1.0,1.0
ZFPL1,,0.9742947635324317,
ZFYVE21,,,0.9623366908618125
ZGRF1,1.0,,1.0
ZHX3,1.0,,
ZIC2,0.49241978259835395,,
ZIC3,1.0,,
ZMAT1,1.0,,
ZMAT2,1.0,,
ZMAT3,,,1.0
ZMIZ2,,,0.7353794853794854
ZMYM4,1.0,,
ZMYM6,,1.0,
ZMYND19,,,1.0
ZNF101,1.0,,1.0
ZNF117,1.0,,1.0
ZNF12,,,1.0
ZNF121,1.0,,1.0
ZNF202,1.0,,
ZNF219,0.8646694108878983,,0.8521207101399915
ZNF23,1.0,,
ZNF248,,1.0,
ZNF25,,,1.0
ZNF251,0.5732280877017719,,
ZNF253,1.0,,
ZNF260,1.0,,
ZNF267,0.440146670050207,,0.4808667032525648
ZNF280B,1.0,,
ZNF286A,,,1.0
ZNF287,,,1.0
ZNF300,,,1.0
ZNF316,,,1.0
ZNF326,,,1.0
ZNF333,,,0.7730419113596683
ZNF33B,1.0,,1.0
ZNF346,1.0,,1.0
ZNF350,1.0,,
ZNF358,0.6767106053629269,,0.6668411122281747
ZNF362,0.6790267229951559,,0.6303461639032109
ZNF37A,1.0,,
ZNF385D,,,0.6581884638040146
ZNF395,1.0,,1.0
ZNF397,,,1.0
ZNF418,,,1.0
ZNF423,0.3974746390376941,0.5923451548451548,
ZNF43,1.0,,
ZNF430,1.0,,
ZNF436,1.0,,1.0
ZNF444,,,1.0
ZNF445,1.0,,1.0
ZNF471,,,1.0
ZNF483,,1.0,
ZNF496,,,1.0
ZNF506,,,0.5505210901630339
ZNF512,,1.0,
ZNF514,1.0,,1.0
ZNF518A,,,0.22712566621196062
ZNF519,1.0,,1.0
ZNF528,0.8537705179071402,,0.8473551096790534
ZNF529,,,1.0
ZNF536,1.0,,
ZNF544,1.0,,
ZNF555,,,1.0
ZNF566,,,1.0
ZNF577,0.12926440075761342,,0.1132101940612579
ZNF592,,1.0,
ZNF594,,1.0,
ZNF605,0.06434106434106435,,
ZNF622,1.0,,1.0
ZNF638,,1.0,1.0
ZNF671,0.829855636087379,,0.7730419113596683
ZNF672,1.0,,1.0
ZNF677,,,1.0
ZNF682,1.0,,1.0
ZNF692,,,1.0
ZNF704,,,1.0
ZNF711,,,0.6550870581206443
ZNF75A,1.0,,
ZNF764,1.0,1.0,
ZNF778,1.0,,
ZNF785,1.0,,
ZNF793,,,1.0
ZNF8,1.0,,1.0
ZNF805,1.0,1.0,
ZNF827,,1.0,
ZNF84,,,1.0
ZNF91,,0.7095852354816498,0.4830059808033377
ZNFX1,1.0,,1.0
ZNRF3,,0.5128456449211165,
ZPR1,,1.0,
ZRANB3,,,1.0
ZSCAN1,1.0,,
ZYG11B,0.17250865076952035,,
ZYX,1.0,,1.0
