,FDR corrected P-value PD wo Tc vs. Ctrl wo Tc,FDR corrected P-value PD with Tc vs. PD wo Tc,FDR corrected P-value PD with Tc vs. Ctrl with Tc,FDR corrected P-value Ctrl with Tc vs. Ctrl wo Tc
A2M,0.11443102352193261,0.12406512406512407,,0.09626736899464172
AAGAB,,,1.0,
ABCA5,0.1432713627835579,0.1266319887009542,,
ABCA8,0.3339069307655695,0.28606900346030784,0.34747011945709017,0.2462037962037962
ABCC1,,,0.27005905486918147,
ABCC9,0.31764845324167357,,,
ABI3,,1.0,1.0,
ABI3BP,0.32483645386871196,,,
ABLIM1,,1.0,,
ABRACL,,0.1774958374958375,0.21016416738341875,
ACKR3,0.49380222665421225,0.3328046953046953,,
ACOT9,0.9535154224532982,,0.9030462495251227,
ACSL4,0.30248820946495364,,0.2874565434565434,
ACSL5,,0.36334964129526065,0.45319205216377445,0.30349032410888077
ACSL6,,,0.9836403596403596,
ACSS1,0.17800381436745075,,,
ACSS3,0.837300172111702,,0.7937579661717593,
ACTA2,,,0.867011073106864,
ACTB,,0.8085721468074408,0.8800928800928802,
ACTN4,,1.0,,
ADA,0.6195673485393112,,,0.42171863224494804
ADA2,,0.815421000724515,,
ADAM17,0.43176740272175956,,,
ADAM19,,,0.8319498683135047,
ADAMTS12,,0.3228094486159003,,
ADAMTS9,0.27231047098596767,,,
ADARB2,1.0,,,
ADCY1,,,0.9475237091675449,
ADCY2,,0.6297870353945121,,
ADCY7,,,0.8082629444858547,
ADCY8,0.5714022819285977,,0.5076019870540418,
ADCYAP1R1,,,0.2874565434565434,
ADGRB1,0.8519584990173227,,,
ADGRB2,,,0.7780708037942764,
ADGRL3,0.09872480460715755,,0.11615970236659892,
ADM,,0.15851774125155418,0.1588977060675174,
ADRA2A,0.8902861844038316,,0.8421578421578423,
AFDN,,,1.0,
AFF2,,1.0,,
AFF3,1.0,,1.0,
AGAP2,1.0,,1.0,
AGRN,0.17800381436745075,,0.14582819777624972,
AHRR,,,1.0,
AIF1,,0.15851774125155418,0.17013289740562468,
AIFM1,0.5516974375105863,,0.5226755427200861,
AJAP1,0.8193693099353476,,0.7218495789924362,
AK5,,0.6990307937676359,,
AKAP12,,,0.4001056414849518,
AKAP5,,,0.3300212332470397,
AKNA,,0.9994309487980374,1.0,
AKR1B1,0.3347947389398167,,0.33329214954656655,
AKR1C1,0.8786930414339408,,,
AKR7A2,,,0.11228771228771228,
ALCAM,,0.4818891515724095,,
ALDH5A1,,0.12406512406512407,,
ALDH6A1,,0.12406512406512407,,
ALDOA,,0.3180283768519062,,
ALDOC,,0.22851820668414555,,
ALKBH5,,0.48029285529285526,,
ALOX5AP,,0.13326995585060103,0.16932274075131218,0.11295371295371295
ALPK1,,1.0,,1.0
ALS2CL,1.0,,,
ALYREF,,,,1.0
AMER2,,,0.5279753359223558,
AMMECR1,0.6280675845893237,,0.595672620062864,
AMOT,,,1.0,
AMOTL1,1.0,,,
AMOTL2,0.09872480460715755,,,
ANGPTL2,,1.0,,
ANK1,0.5786370492252846,,,
ANKRD29,0.9193245778611632,,,
ANKRD33B,0.7550233407753196,,,
ANKRD46,,0.5355477855477855,,
ANKRD50,1.0,,,
ANOS1,0.9873427915654404,,,
ANP32B,,1.0,1.0,
ANXA11,,0.1405227425635589,0.17013289740562468,
AOAH,,0.40749090481710804,0.45319205216377445,
AP1S2,,1.0,1.0,
APAF1,0.17164653528289894,,0.1588977060675174,
APBA1,,,0.6825331531213885,
APBB1IP,,1.0,1.0,1.0
APC2,0.28989192625556265,,0.26619931792345586,
APCDD1,0.9873427915654404,,0.9321120868082193,
APLN,,,0.23611902116575012,
APLP1,,0.353108430031507,,
APLP2,,0.2136131195537136,,
APOBEC3C,,0.8319661260837733,0.8724512897174769,
APOL2,,0.1927464800392977,0.26619931792345586,
APOL3,,0.2500467012662135,0.3112093898610752,0.20244461420932008
APOL6,,0.5355477855477855,0.6128851228452822,0.47155969030969036
APOLD1,0.861004505256132,,,
APOO,0.8257801424088439,,0.8158538849783089,
APOOL,0.21168021168021167,,0.18347665406488936,
AQP1,,0.10200910200910202,,0.042357642357642354
AQP3,,0.10200910200910202,0.09357309357309357,
ARAP1,1.0,,,
ARAP2,,,1.0,
ARF6,,1.0,,
ARFGEF3,,1.0,,
ARHGAP27,,1.0,,
ARHGAP30,,0.60787064498002,0.6949274501722054,0.5201269318916378
ARHGAP33,,,1.0,
ARHGAP36,,,0.5890502939683268,
ARHGAP9,,1.0,1.0,
ARHGDIB,,0.36397330480170714,0.4371734931734932,0.30349032410888077
ARHGEF1,,1.0,1.0,
ARHGEF2,,1.0,,
ARHGEF6,,1.0,1.0,
ARID5B,,0.5113877350719457,,
ARMCX2,1.0,,1.0,
ARMCX3,0.4683688404618637,,0.4537457427483003,
ARMCX4,0.8372960372960374,0.6930142168237406,,
ARPP21,,1.0,,
ARRDC2,,0.815421000724515,0.8742400456686171,
ARRDC3,,,0.8180469836911554,
ARSD,1.0,,1.0,
ARX,0.9535154224532982,,,
ASAH1,0.9680083695831728,0.8502362417456756,,
ASAP1,1.0,,1.0,
ASB4,0.24996280315429253,,0.25339262507404103,
ASF1B,,1.0,1.0,
ASIC2,,0.30908757908757906,,
ASPH,,0.14041252864782278,,
ASS1,,0.41020681446213364,,
ASTN1,0.3275868516510228,,,
ASXL3,0.7125835058795953,,0.6161313835270098,
ATF3,0.8316008316008315,0.7138878363016294,,
ATG12,0.17800381436745075,,,
ATG9B,0.7242072995497653,,,
ATP10A,,0.10200910200910202,0.09357309357309357,
ATP10B,0.1432713627835579,,0.11228771228771228,
ATP11C,0.09872480460715755,,0.09357309357309357,
ATP1A2,,0.153013653013653,,
ATP1B1,,0.14041252864782278,,
ATP2A2,0.11443102352193261,,,
ATP2B2,,,0.13407488034353707,
ATP6AP2,0.47952047952047955,,0.4509191595805769,
ATP6V0D2,0.42843232716650437,,,
ATP6V1A,,0.21496552228259544,,
ATP6V1B2,1.0,,1.0,
ATP8A1,0.09872480460715755,,0.09357309357309357,
ATP9A,,0.10200910200910202,,
ATRNL1,0.17800381436745075,,0.14582819777624972,
AXIN2,1.0,,1.0,
B2M,,0.1405227425635589,0.16932274075131218,0.1058941058941059
B3GAT1,,,0.54091285059027,
B3GNT2,,0.1266319887009542,0.11228771228771228,
B4GALT1,,0.2806212655269259,,
B4GAT1,,0.1266319887009542,,
BAALC,,0.48099963817503677,,
BACE2,,,0.1588977060675174,
BAHCC1,1.0,,,
BAIAP3,0.3630984400215169,0.30908757908757906,,
BARHL1,1.0,,1.0,
BATF3,,0.4255089998163046,,0.38043438043438044
BCAN,,0.4633715341262511,,
BCAT1,1.0,,1.0,
BCL11A,,,1.0,
BCL11B,1.0,1.0,,
BCL6,,0.6167001878576832,,0.5020165020165019
BCLAF3,0.827769515552321,,0.8082629444858547,
BCORL1,1.0,,,
BDNF,0.5714022819285977,,,
BEX1,0.7057682202190873,,0.6514401628905445,
BEX2,1.0,,1.0,
BEX3,1.0,,1.0,
BEX4,1.0,,1.0,
BGN,,,0.1588977060675174,
BHLHB9,1.0,,,
BHLHE22,1.0,,1.0,
BHLHE41,,1.0,,
BIRC7,1.0,,,
BLCAP,0.9873427915654404,0.8689490937197359,,
BLM,,0.9614869371316364,1.0,
BMP7,0.8786930414339408,0.7465211556120648,,
BMPR1B,,1.0,,
BNIP3,,0.18148130938828613,0.22235190552022235,
BNIP3L,,0.14124337201260279,,
BOC,0.31764845324167357,0.28606900346030784,0.3112093898610752,
BRINP1,,0.8535292832167831,,
BRINP3,0.4694156418294349,,,
BRS3,0.7906310556912965,,0.7126678035768945,
BST2,,0.3927350427350427,0.4509191595805769,0.3438937300323439
BTBD3,0.9825514291533709,0.8973733033883409,,
BTG1,,1.0,,
BTG2,,0.36397330480170714,,0.30349032410888077
BTN2A2,,0.35439636351490456,,0.26350393792254256
BTN3A1,,0.8068903273485926,,0.738472054261528
BTN3A2,,0.3180283768519062,,0.24839358172691506
BTNL9,0.6847751654873316,,0.5975149348643324,
BUB3,,,1.0,
BZW2,,,0.18714618714618717,
C10orf90,0.5289077120063035,,,
C11orf87,1.0,,1.0,
C19orf57,,,1.0,
C1QL1,0.09872480460715755,,,
C1QTNF3,0.13426573426573427,,0.09357309357309357,
C1R,,0.5322500775086982,,0.3933209647495362
C1orf61,0.2434207014359686,,0.18830858582411375,
C2CD2,,,1.0,
C3,,0.1266319887009542,,0.08471528471528471
C3AR1,,0.12406512406512407,0.11228771228771228,
C3orf18,,,0.4526782118405155,
C3orf58,,0.6990307937676359,,0.6209572740184985
C3orf70,,,1.0,
C8orf34,,1.0,,
CA10,0.23787236385661586,,,
CA12,0.6325981710597095,,0.6198987652818694,
CA2,,0.1266319887009542,,
CA9,0.8786930414339408,,,
CABLES1,,1.0,1.0,
CABP7,,,1.0,
CACHD1,1.0,,0.9953440815059614,
CACNA1A,0.17800381436745075,,0.16932274075131218,
CACNA1E,,0.10200910200910202,,
CACNA1G,,0.12406512406512407,0.11228771228771228,
CACNA2D1,0.17800381436745075,,0.16932274075131218,
CACNA2D2,,0.28606900346030784,,
CACNA2D3,,0.16163414050737993,,
CACNA2D4,0.773983298255143,,,
CACNB4,,,0.1588977060675174,
CACNG7,,,0.46434768239279517,
CAD,0.8257801424088439,,0.7937579661717593,
CADM1,0.17800381436745075,,,
CADM2,0.1432713627835579,,,
CADM3,,0.153013653013653,0.1768916015491358,
CALB1,,0.22549380444117287,,
CALHM2,,0.3180283768519062,,
CAMK1D,,,1.0,
CAMK2A,1.0,,,
CAMK2N1,,,1.0,
CAMK2N2,1.0,,,
CANX,,0.1224109224109224,,
CAP2,0.9779325732633126,,,
CAPG,,0.8689490937197359,0.9520045172219085,
CARD8,,0.17821590174531352,0.22006134568948638,
CARTPT,0.26439314110546985,,,0.17012495701020292
CASC10,0.398505603985056,,0.389704413233825,
CASK,0.1432713627835579,0.14124337201260279,0.1588977060675174,
CASKIN1,,1.0,,
CASP1,,0.1266319887009542,0.16932274075131218,0.1058941058941059
CASP7,,0.5266054292028317,,
CAV2,,,0.7070676763509528,
CBLB,1.0,,,
CBLN2,0.09872480460715755,,0.11228771228771228,
CBLN4,0.1432713627835579,,0.11228771228771228,
CCDC152,1.0,,,
CCDC80,,0.9084468754633672,,
CCDC88B,,0.5852315015661629,,
CCK,0.5714022819285977,,0.48437836673130796,
CCL2,,0.2754245754245754,0.33802875325366677,0.23894054663285436
CCL28,,0.21010829966053846,0.21638777888777885,
CCL4,,0.1445128945128945,,
CCL5,,0.14754887969173686,0.21016416738341875,0.13081036610448377
CCM2,,,0.4870310412479087,
CCNB1,,,1.0,
CCND1,,1.0,1.0,
CCND3,,1.0,,
CCNG2,1.0,,1.0,
CCNI,,0.9692321963750535,,
CCNL1,,1.0,,
CCR2,,0.2864936481957759,,
CCR5,,0.3923646186216018,0.4183870923596951,
CCT7,0.7251444207965947,,,
CCZ1,,0.8945768087334353,0.9917274326723146,
CD2,,0.2966591231897355,0.3788430414570233,0.2653438515507481
CD27,,0.21627891339429803,0.25339262507404103,0.17012495701020292
CD274,,0.21859093287664716,,0.17012495701020292
CD276,,,0.16185616185616186,
CD300A,,0.6282526547176831,0.7324728251880569,
CD37,,0.1950329463282831,0.20769981463623083,0.15442890442890445
CD3E,,0.4008875221813227,0.4788328878104439,0.3303896103896104
CD4,,0.31894404297001705,0.38556624098792774,
CD44,,1.0,,
CD48,,0.22549380444117287,0.2687227302611918,0.17012495701020292
CD53,,0.1445128945128945,0.1674465884992201,0.11913086913086915
CD6,,0.9447316109144847,0.9836403596403596,0.874777396516527
CD74,,0.1224109224109224,0.09357309357309357,0.042357642357642354
CD82,0.44526901669758806,,0.38868823484208104,
CD83,0.17800381436745075,,,
CD84,,0.48099963817503677,0.4979039436314263,0.42900689054535207
CD8A,,0.1445128945128945,0.156680528773552,0.11614192259353551
CD9,,,0.6605159546336017,
CD93,0.17800381436745075,0.1405227425635589,,
CD99L2,0.7644264132813751,,0.6949274501722054,
CDC25B,,1.0,,
CDH12,,,0.22567628449981392,
CDH18,0.2434207014359686,0.1932804038067196,,
CDH19,,0.2806212655269259,,
CDH4,,0.24179935291046403,0.28415665966686376,
CDH8,0.28145767276202055,,0.26619931792345586,
CDK14,1.0,,1.0,
CDK16,1.0,,1.0,
CDK2,,1.0,,
CDK5RAP2,1.0,,,
CDK6,,1.0,,
CDKN1A,1.0,,,
CDKN2C,,,1.0,
CDON,,0.3963304455107734,0.4554527105547514,
CDS1,,0.5011453870514273,,
CDV3,,,0.15248948582281915,
CEBPD,,0.24179935291046403,,
CELF4,,1.0,,
CENPV,1.0,,1.0,
CEP290,,0.6382205155439356,,
CERK,,,0.9877159877159877,
CERS2,,,0.23611902116575012,
CES4A,,,0.49008066274253326,
CFL2,0.9597588040701814,,,
CFLAR,0.17800381436745075,0.17821590174531352,0.1588977060675174,
CGNL1,1.0,,1.0,
CGREF1,,0.6297870353945121,0.7105855227682639,
CHD3,,,0.8202333654094757,
CHD5,1.0,,,
CHGB,,0.4633715341262511,0.5278269402437916,
CHI3L2,,0.36397330480170714,,
CHM,1.0,,1.0,
CHPF,,0.6407975082008232,,
CHRD,1.0,,1.0,
CHRDL1,,,1.0,
CHRNB3,0.3011106540518305,,,
CHST1,,,0.5661172161172161,
CHST2,1.0,,1.0,
CHST3,0.6636999364272091,,,
CIB2,0.8277952296010986,,0.7853033042906461,
CIDEB,,0.28457151704384176,0.3112093898610752,
CISH,,1.0,,
CLCN5,0.18461538461538465,,0.2165955871539628,
CLDN19,0.1432713627835579,,,
CLDN5,0.1432713627835579,,0.11615970236659892,
CLEC2B,,0.28195774263189993,0.3266551630187994,0.22649572649572652
CLIC1,,0.21859093287664716,0.24723899953257752,
CLK3,,,1.0,
CLOCK,,,1.0,
CLSTN1,,,0.2572229532581956,
CLU,,0.13326995585060103,,
CLYBL,0.1432713627835579,,,
CMBL,1.0,,,
CMPK2,,,0.09357309357309357,
CMTM7,,,0.2500953591862683,
CNKSR2,0.7990096028373541,,0.7063568909722755,
CNN2,0.19365250134480902,0.15851774125155418,,
CNN3,,0.47301644491340045,,
CNTFR,,,0.8058088557308526,
CNTN1,,,0.22893611243125808,
CNTN2,0.9075242476464472,0.795972500405998,0.8713656285910621,
CNTN3,,0.2527512972857102,,0.23894054663285436
CNTN4,0.18922254216371862,,0.1784705360864301,
CNTN6,0.4232289449680754,,,
CNTNAP4,0.7683631504971455,,0.7105855227682639,
CNTNAP5,0.17800381436745075,,,
COL11A1,0.17800381436745075,0.14754887969173686,0.156680528773552,
COL12A1,,0.18672852571157658,0.2047599459364165,
COL16A1,,,0.4925828888093039,
COL1A1,,0.815421000724515,0.8742400456686171,
COL21A1,,,0.9877159877159877,
COL23A1,,1.0,,
COL4A6,0.4654720279720279,,,
COL5A1,,0.45126060380297667,,
COL5A3,,0.1266319887009542,,
COL6A2,,,0.4915945298720418,
COL9A3,,,0.99517737164796,
COMMD4,,0.9194521896014433,,
COPG2,0.28145767276202055,,,
CORO1A,,0.24179935291046403,0.21016416738341875,
COTL1,0.7251444207965947,,0.6636140594864798,
CPE,,,,0.18290800108981928
CPLX1,,,0.5730385317162177,
CPS1,0.3742736137102335,,,
CPXM2,,0.8860881542699725,,
CRB1,0.17800381436745075,,,
CRH,,0.6429948727742846,0.7436759961350126,
CRIM1,,0.815421000724515,,
CRISPLD1,0.4781633460878744,0.41097384291101563,,
CRLF1,,0.815421000724515,,
CRTAM,,,0.11228771228771228,
CRY2,,0.4432895535836712,,
CRYBG1,,1.0,1.0,1.0
CRYZ,0.17800381436745075,,0.16185616185616186,
CSAD,,,0.5530588814170904,
CSF1,,0.656960792830358,,0.5765345765345766
CSGALNACT1,0.2541120850980006,,,
CSK,,1.0,,
CSMD1,0.6672845227062095,,0.5406445406445406,0.44152457711779747
CSMD2,0.9075242476464472,0.7925451813425456,0.9024252583574617,
CSMD3,0.26042922594646734,0.21496552228259544,0.25176617104868226,
CSPG5,,0.22101972101972103,,
CTDSP1,,0.6084961550077829,,
CTDSP2,,0.6595606559505477,,
CTDSPL2,0.9075242476464472,,,
CTGF,1.0,,,0.8377698251115973
CTNNA2,1.0,,1.0,
CTSA,,0.12406512406512407,,
CTSB,0.17800381436745075,,,
CTSC,,0.1224109224109224,,0.1058941058941059
CTSS,,0.14041252864782278,0.1588977060675174,0.1058941058941059
CTSZ,,,0.19171072829609415,
CTTNBP2,,,0.2165955871539628,
CUL7,,,1.0,
CUX2,1.0,,1.0,
CXCL10,,0.346767783300291,0.40193897012078833,0.27841821100248065
CXCL12,,0.5470632460323182,,
CXCL14,0.8786930414339408,,0.8454997383568812,
CXCL8,,0.6684424698735968,0.7826113280658735,
CXCL9,,0.1932804038067196,0.21016416738341875,0.1357616742232127
CXCR4,,0.18361638361638363,,
CXXC4,,0.811746165742903,,
CXorf56,0.17800381436745075,,0.16185616185616186,
CYBA,,0.1580304940960679,,
CYP26B1,0.11443102352193261,,0.11228771228771228,
CYSTM1,0.24681201151789386,,,
CYTH4,,1.0,1.0,1.0
DAB1,,,1.0,
DACH1,,,1.0,
DACH2,,,0.3407351269420235,
DACT2,,0.21010829966053846,,
DAPP1,,0.6407975082008232,0.6825331531213885,
DCAF4,1.0,,,
DCBLD2,,0.6090949669286226,0.6871928776690681,
DCN,,0.22952047952047952,,
DDAH2,0.5777828728648401,,,
DDB2,,0.9042969042969042,,
DDIT4L,1.0,1.0,,
DDX23,,1.0,,
DDX3X,1.0,,1.0,
DDX3Y,,0.8597232225139202,0.9717496500807403,0.8377698251115973
DDX58,,0.153013653013653,,
DENND1A,1.0,,,
DENND1C,,0.48099963817503677,0.5554784917842243,
DES,,1.0,,
DGKA,,0.9447316109144847,,
DGKG,0.9771050866941278,0.8366039665564229,,
DHCR7,,0.22117428026518934,,
DHFR,,0.5837301531466522,0.6761851287398732,
DHRS1,0.5278114112036373,,0.434662112081467,
DIAPH1,,1.0,,
DIAPH2,1.0,,1.0,
DIO3,0.672840672840673,,,
DIXDC1,1.0,,,
DKK1,0.31764845324167357,,,
DKK3,,0.9447316109144847,,
DLG1,,,1.0,
DLGAP3,,,0.4870310412479087,
DLK1,,0.3312067679156287,,
DLX1,1.0,,1.0,
DLX2,,1.0,1.0,
DMD,0.3630984400215169,,0.3295400251921991,
DMTN,1.0,,,
DNAJB9,,0.12406512406512407,,
DNAJC12,0.7683631504971455,,0.715411678622381,
DNAJC6,,0.3320107565390584,,
DNER,,0.1778783716283716,,
DNHD1,,,0.3970753883797362,
DNM1,,0.9447316109144847,1.0,
DNMT3A,1.0,,,
DOCK10,,1.0,1.0,
DOCK11,,,1.0,
DOCK8,,0.4579401413933788,0.5567205903340358,0.4428298973753519
DOCK9,1.0,,,
DOK5,,,1.0,
DPP10,,0.2966591231897355,0.3348931769984402,
DPP3,,,0.1768916015491358,
DPP6,0.3339069307655695,,0.2907849122988565,0.22649572649572652
DPY19L1,,0.546658735455416,,0.4543198736747124
DPY19L2,0.4249827425793091,,0.38868823484208104,
DPYD,,0.17821590174531352,,
DPYSL2,,0.3966712635190896,,
DRAM1,,0.5702952851629023,0.6514401628905445,
DRP2,0.3630984400215169,,0.3300212332470397,
DSCAM,0.7096903096903097,,0.6514401628905445,
DSCAML1,,,0.40102754388468675,
DSEL,0.6195673485393112,,,
DSP,,0.7363296601875282,,
DSTN,0.8171303636697432,0.6926165707084435,,
DTX3L,,0.936900581117272,0.9948426409763238,0.9004247286455875
DUSP16,,0.7845427299972755,0.8656541696189274,
DUSP22,,,0.38868823484208104,
DYNLT3,,,0.14582819777624972,
DZIP1,,1.0,,
E2F3,1.0,,,
EBF1,1.0,,1.0,
EBPL,0.17800381436745075,,,
ECHDC2,,,0.11228771228771228,
ECM2,1.0,,,
EDIL3,0.7454247879779795,,0.6745564971073289,
EDNRB,,0.36397330480170714,,
EEF1A2,,0.8410908711541623,,
EEF2,,0.9919952928427505,,
EFHD1,,0.45126060380297667,,
EFNA1,,0.6224873611237247,,0.49944085764981294
EFNB3,,0.4868928823985004,,
EFS,1.0,,,
EGR3,,,0.8421578421578423,
EHD1,,0.1932804038067196,,
EIF1AX,1.0,,1.0,
EIF1AY,,1.0,1.0,1.0
EIF2AK2,,1.0,,
EIF2AK4,1.0,,1.0,
EIF2B1,,,0.7318253885418063,
EIF2S3,1.0,,,
EIF4B,,1.0,,
ELAVL3,,,1.0,
ELAVL4,1.0,,1.0,
ELF1,,0.35375633540771156,0.389704413233825,
ELFN2,,0.3966712635190896,0.4925828888093039,
ELK3,,0.7709435806263852,,
ELL2,1.0,,,
EMB,0.774141113124164,0.647172499631516,0.7667542813173882,
EMILIN3,0.6195673485393112,,,
EML3,,1.0,1.0,
EML6,,0.2909414529132839,,
EMX2,1.0,,,
EN2,1.0,,1.0,
ENC1,,0.886039605311229,0.9802657235812317,
ENO2,,0.15851774125155418,0.21638777888777885,
ENOX1,,,0.867011073106864,
ENOX2,0.6894859526438474,,0.6575021936238666,
ENPP2,,0.5470632460323182,,
ENPP4,,0.14754887969173686,,
ENPP5,,0.43977257310590645,,
EOMES,0.8501782681213754,,,
EPAS1,1.0,,,
EPB41L3,1.0,,,
EPHA5,1.0,,1.0,
EPHB6,0.7449235256721888,,0.6463071811909021,
EPSTI1,,0.4432895535836712,0.4925828888093039,0.37362637362637363
ERBB2,1.0,,0.9971382783882784,
ERBB3,,1.0,,
ERBB4,1.0,,,
ERMN,,,1.0,
ERO1A,,0.1266319887009542,,
ESPL1,,1.0,1.0,
ESYT1,,0.3312067679156287,,
ESYT2,,,0.7054219446646296,
ETFB,,,0.6695286022388826,
ETNK2,,0.28606900346030784,,
ETS1,,0.931543529783999,0.9798833873900897,
ETV1,1.0,,,
ETV5,0.937685795985391,,0.8800928800928802,
ETV6,,0.4782566270938364,,
ETV7,,0.5424158305160393,0.5879541403155365,0.4588744588744589
EVI2A,,0.24179935291046403,0.2807192807192807,0.18104476168992298
EVI2B,,0.18361638361638363,0.21638777888777885,0.15320849363402556
EXTL3,,0.6434996196464087,,
F3,,0.2864936481957759,,0.25212882355739497
F5,0.32167832167832167,0.2803303566662345,,
FABP5,,0.2668842785121855,,0.24395857307249716
FABP6,,,0.7160919214341585,
FABP7,,0.24179935291046403,,
FAM102A,,0.6590931672305994,0.7436759961350126,
FAM107A,,0.17821590174531352,,
FAM110B,,,1.0,
FAM111A,,0.6382205155439356,,
FAM117B,,0.931543529783999,,
FAM122B,0.8916083916083916,,0.8471410246558175,
FAM124A,,,1.0,
FAM129A,,0.1774958374958375,0.1784705360864301,
FAM135B,0.8316347329800244,,0.7791759522528754,
FAM13A,,0.2966591231897355,,
FAM153A,0.4249827425793091,,0.34747011945709017,
FAM162A,,0.37255498125063347,0.4598717865049523,
FAM199X,1.0,,1.0,
FAM19A2,0.37162837162837165,,0.36623069238453854,
FAM210B,0.412020412020412,,,
FAM221A,0.8372835218472803,,,
FAM43A,1.0,1.0,,
FAM49A,1.0,1.0,,
FAM50B,1.0,,0.9917274326723146,
FAM78A,,0.7840998139505603,0.867011073106864,
FAM84A,0.2865427255671158,,0.2971036745355812,
FAM8A1,,0.15851774125155418,,
FANCI,,0.8366039665564229,0.9300284203331295,
FAR2,,,0.34747011945709017,
FASLG,,0.36397330480170714,0.4111944393634534,
FASN,,0.5837301531466522,,
FAT4,0.5714022819285977,,0.4979039436314263,
FBLN5,0.7687127687127687,0.6167001878576832,,
FBN1,,,0.8742400456686171,
FBXO32,,,1.0,
FGD3,,,1.0,
FGF1,1.0,,,
FGF11,1.0,,,
FGF12,,0.7742490842490842,0.867011073106864,
FGF13,0.8410132913444173,0.7135351694937188,0.7831531525799043,
FGF14,1.0,,1.0,
FGFBP3,1.0,1.0,,
FGFR1,0.7683631504971455,,,
FGFR2,1.0,,,
FGFR3,1.0,1.0,,1.0
FHDC1,,,,1.0
FHIT,0.8410132913444173,,,
FHL1,0.9666073571399015,0.8537303817677651,0.9198534428019823,
FIGN,,,0.25339262507404103,
FILIP1L,,,1.0,
FKBP4,0.11443102352193261,,0.11228771228771228,
FKBP5,,0.14041252864782278,0.11228771228771228,
FLNC,,0.36830030434681593,,
FLOT2,,0.14041252864782278,,
FLRT3,,,0.09357309357309357,
FMN2,,0.4633715341262511,,
FMNL1,,1.0,1.0,1.0
FNBP1L,,0.20244883321806398,,
FNDC5,0.32483645386871196,,,
FNIP2,0.7738247154305549,,0.7112819612819614,
FOLH1,0.6332317988759707,,,
FOLR1,1.0,,1.0,
FOS,,1.0,,1.0
FOXG1,1.0,,,
FOXP1,0.8257801424088439,,,
FOXP2,1.0,,1.0,
FRA10AC1,0.3630984400215169,,0.3220015278838808,
FRAS1,0.1432713627835579,,0.13407488034353707,
FRMD4B,0.2434207014359686,0.1932804038067196,,
FRRS1L,,,0.5788026406583108,
FRY,,1.0,,
FRZB,0.3339069307655695,,,
FSTL1,,0.16576479076479078,,
FSTL4,0.3964842496952588,,0.343422900123931,
FSTL5,1.0,,0.9869970455076839,
FUNDC1,0.6195673485393112,,0.54091285059027,
FURIN,,0.2586659372373658,0.3085769192639422,
FXYD5,,0.12406512406512407,0.11228771228771228,0.042357642357642354
FYB1,,1.0,1.0,1.0
FZD1,0.1432713627835579,,,
FZD5,0.15612294682062125,0.1405227425635589,0.16185616185616186,0.1058941058941059
FZD7,,,,0.1058941058941059
FZD8,0.17482517482517482,,,
GABBR1,,0.558012829060057,,
GABBR2,,0.36560784348394976,,
GABRA1,0.2460697197539303,,0.2165955871539628,
GABRA2,0.7242072995497653,0.5772928896661148,0.6198987652818694,
GABRA4,0.7731825913644096,,,
GABRA5,0.7644264132813751,,,
GABRB1,,,0.8224130609451711,
GABRB2,0.4497902097902098,,0.45319205216377445,
GABRG2,,,0.22006134568948638,
GADD45B,,,,1.0
GALNT10,,0.4960935925061486,,0.42900689054535207
GALNT13,,,1.0,
GALNT15,,1.0,,1.0
GALNT17,0.7451748251748251,,,
GALNT2,0.7115138382744016,,0.6761851287398732,
GALNT6,,0.1932804038067196,,
GAPDH,,0.2966591231897355,,
GAS1,1.0,0.9485962014863749,1.0,
GAS7,1.0,1.0,1.0,
GAS8,0.8902861844038316,,0.8471410246558175,
GATM,0.8257801424088439,,0.7820677724831079,
GBE1,,0.9447316109144847,,
GBP1,,0.24179935291046403,0.3266551630187994,0.23182223182223183
GBP2,,0.3588865679774771,0.434662112081467,0.30349032410888077
GCNT1,0.17800381436745075,,0.18714618714618717,
GDE1,,0.4005723274015957,,
GFAP,,0.3661558382966008,,
GFPT1,,0.5451111388611388,,
GGA2,0.9710525231153915,,,
GIMAP1,,0.7363296601875282,0.8533204645133953,
GIMAP4,,0.21982243109003674,0.2736423240624921,0.17012495701020292
GIMAP7,,1.0,1.0,1.0
GIMAP8,,0.41902200363738823,0.5213358070500929,
GJA1,,,0.36502197492909566,
GK,0.17800381436745075,,0.14035964035964038,
GLB1L2,0.17800381436745075,0.1266319887009542,,
GLCCI1,,,1.0,
GLG1,,0.45460578069273727,,
GLI2,0.8501782681213754,,,
GLI3,1.0,1.0,,
GLIPR1,,0.13501204677675266,0.1588977060675174,
GLIPR2,0.8916083916083916,,0.8319498683135047,
GLIS2,1.0,,1.0,
GLIS3,1.0,1.0,,
GLRX,,0.12406512406512407,,
GLRX3,,,0.1267764493570945,
GLS,0.23787236385661586,,,
GLUL,1.0,,,
GNA15,,1.0,1.0,1.0
GNAI1,,0.3180283768519062,,
GNAO1,,0.9919952928427505,,
GNAS,1.0,,,
GNAZ,,1.0,,
GNB3,0.9047742381075714,,0.8421578421578423,
GNB4,,0.9262305741595682,,
GNG12,,,0.5567205903340358,
GNG4,,0.751718080577141,,
GOLM1,,,0.7349741167922986,
GPC3,,,0.3708584992988663,
GPD1,,0.8500222175301041,,
GPD1L,0.24256993006993002,,,
GPD2,0.3339069307655695,,,
GPI,,0.48099963817503677,0.5330581506405682,
GPM6A,,0.153013653013653,0.16932274075131218,
GPM6B,0.4694156418294349,,,
GPNMB,0.7685383923007685,,0.715411678622381,0.5503510573933109
GPR12,,0.8931566171385177,0.9700326627550346,
GPR15,,0.8243702071453268,0.9049347277195379,
GPR158,0.7604895104895105,,,
GPR17,,1.0,,
GPR26,,0.6990307937676359,,
GPR68,,0.3941902972373887,0.444969923693328,
GPR83,0.8820116054158608,,,
GPR89B,0.26853146853146853,,,
GPRASP1,,,1.0,
GPRC5B,,0.17821590174531352,,0.1446358519529251
GPRC5C,,0.4818891515724095,,
GPSM3,,1.0,1.0,
GPT2,,0.5131636922029935,0.6096259030390767,
GPX3,,0.42283162130490376,,
GREB1,0.6907874733961691,,,
GREM2,1.0,,,
GRIA1,0.27972027972027974,0.2223158007911371,,
GRIA2,,0.17728478418133592,,
GRIA3,,0.15851774125155418,0.21016416738341875,
GRID1,,,0.3220015278838808,
GRID2,,,0.14035964035964038,
GRIK1,0.17800381436745075,,0.19171072829609415,
GRIK3,0.28145767276202055,0.26127232451343124,,
GRIN1,0.5822190838477485,,0.5331823537512815,
GRIN2A,,0.261796796953047,,
GRIN2B,,0.7135351694937188,,
GRIN2D,,0.30602730602730605,0.34772968966517354,
GRIN3A,0.6195673485393112,,0.5730385317162177,
GRK2,,1.0,,
GRM1,,,0.8158538849783089,
GRM2,0.7115138382744016,,0.6745564971073289,
GRM3,0.4694156418294349,,0.4455861598718741,
GRM4,,,0.7368881118881119,
GRM5,,0.8597232225139202,,
GRM8,0.5714022819285977,,0.5493905236394507,
GSAP,0.43176740272175956,,,
GSPT2,1.0,,,
GSTK1,,0.23049716241205606,,
GSTM1,,0.616150579821708,,
GSTO1,,,0.34720542615279454,
GTSE1,,,1.0,
GUCY1A2,,,0.4183870923596951,
GUCY1B1,0.17800381436745075,,,
GULP1,1.0,,1.0,
GYG2,0.8786930414339408,,0.8404667621535091,
GYPC,,0.1778783716283716,0.19171072829609415,
HABP2,,,0.273759298552687,
HACE1,1.0,,,
HAP1,1.0,,1.0,1.0
HAPLN3,,0.41097384291101563,,
HAVCR2,,0.598827498631035,0.6964185640143828,
HCLS1,,0.7483524878482861,0.8471410246558175,0.6876057276057277
HCN1,0.17800381436745075,,0.16932274075131218,
HCN2,0.32275416890801506,,,
HCRT,0.7967993544916622,,0.715411678622381,
HCST,,0.44784483808874054,0.5117875321956955,0.374093196523103
HDAC1,,,1.0,
HDAC8,1.0,,,
HECW1,,,0.9140062734468328,
HEG1,,0.6675460984258113,0.7522542816660464,
HEMK1,0.3630984400215169,,,
HERC3,0.9666073571399015,,,
HERC5,1.0,,1.0,
HERC6,1.0,,0.9877159877159877,
HES4,,,0.31606911606911603,
HEY1,0.8592277287929461,,,
HIST1H1C,1.0,,1.0,
HK2,,0.5837301531466522,,
HLA-A,,0.1266319887009542,,0.08471528471528471
HLA-B,,0.18148130938828613,,0.1446358519529251
HLA-C,,0.1266319887009542,,0.1058941058941059
HLA-DMA,,0.1405227425635589,,0.1058941058941059
HLA-DMB,,0.10200910200910202,,0.042357642357642354
HLA-DOA,,0.14124337201260279,,0.13081036610448377
HLA-DPA1,,0.12406512406512407,,0.042357642357642354
HLA-DPB1,,0.153013653013653,0.14035964035964038,
HLA-DQB1,,0.13326995585060103,0.1588977060675174,
HLA-DRA,,0.12406512406512407,,0.07942057942057942
HLA-E,,0.1266319887009542,0.11228771228771228,0.1058941058941059
HLA-F,,0.13501204677675266,0.1588977060675174,0.11295371295371295
HLCS,0.7118723972656557,,0.6463071811909021,
HMGB3,0.9999867305370151,,0.9500091189464487,
HNRNPM,,1.0,,
HOMER1,,,0.35903908004221485,
HOOK1,,0.12406512406512407,,
HOPX,,1.0,,
HPCA,0.5278114112036373,,,
HPRT1,0.31764845324167357,,0.29503045973634207,
HPS1,,,0.23611902116575012,
HPX,0.17800381436745075,,,
HRK,,,0.11615970236659892,
HS3ST1,0.7245213802590852,,,
HS3ST4,0.5885024066842249,0.4088524808524809,,
HS6ST2,0.5680034251462823,,0.48593948838447615,
HSD17B10,,0.1778783716283716,,
HSP90B1,,0.1266319887009542,,
HSPA12B,,,0.3066318297087528,
HSPB8,0.9666073571399015,0.8502362417456756,0.8800928800928802,
HTATIP2,,1.0,1.0,
HTATSF1,1.0,,1.0,
HTR1E,0.4158341658341659,,,
HTR2C,0.23787236385661586,,,
HTR3A,0.09872480460715755,,0.09357309357309357,
HTRA1,,0.2864936481957759,,
HYOU1,,0.13326995585060103,,
IAH1,0.9873427915654404,,0.9480028168552758,
ICAM1,,0.4601365221890281,0.5707570437860895,0.42900689054535207
ICAM2,,0.5131636922029935,,
ICAM5,,,0.36855169370506796,
ID1,0.6783635526150498,,0.6198987652818694,
ID2,1.0,,,
ID3,1.0,,1.0,
ID4,0.7061526369883719,,0.6198987652818694,
IDH1,,0.13501204677675266,,
IDS,0.1432713627835579,0.1402625152625153,,
IER3,,,,0.25212882355739497
IFI16,,1.0,1.0,1.0
IFI27,,0.4633715341262511,0.4979039436314263,0.3933209647495362
IFI35,,0.41097384291101563,,0.3624836701759779
IFI44,,0.1266319887009542,0.15248948582281915,
IFI44L,,0.1266319887009542,0.1267764493570945,0.1058941058941059
IFI6,,0.5963917971791988,,0.5317560137704023
IFIT2,,1.0,1.0,1.0
IFIT3,,0.1778783716283716,0.18830858582411375,0.1506049506049506
IFITM1,0.34172013553456854,0.261796796953047,0.29503045973634207,0.18290800108981928
IFITM2,0.7418996098241382,0.5837301531466522,0.6790440888801544,0.48059632675017294
IFITM3,,0.346767783300291,,
IFRD1,1.0,,,
IGDCC3,0.18922254216371862,,0.18347665406488936,
IGDCC4,0.6036544101060229,,,
IGF1,0.9666073571399015,,,
IGF2R,0.49380222665421225,,0.45767902983092856,
IGFBP2,0.8215149336644664,0.6754459825888397,0.7667542813173882,
IGFBP3,,0.7173996399469722,0.7937579661717593,
IGFBP5,,0.7823521992957209,,
IGFBP7,0.5526886906197251,,0.48437836673130796,
IGSF1,0.9075242476464472,,0.858670741023682,
IGSF3,,,0.9497732826518638,
IGSF8,,0.9589148297900091,,
IKBKE,,,0.1768916015491358,
IKZF1,,1.0,1.0,
IL10RA,,0.14041252864782278,0.17013289740562468,
IL13RA1,0.24996280315429253,0.1950329463282831,0.25176617104868226,0.17012495701020292
IL16,0.8257801424088439,0.7113933187231617,0.7791759522528754,0.6209572740184985
IL17RA,,,0.3003043468159747,
IL18BP,,0.17821590174531352,,
IL2RA,,0.22117428026518934,0.20769981463623083,0.17012495701020292
IL2RB,,0.6084753453174506,0.6825331531213885,0.5256057810802336
IL2RG,,0.6407975082008232,0.7063568909722755,0.5765345765345766
IL6ST,0.8916083916083916,0.7775435878597277,0.8533204645133953,
IL7R,,0.3180283768519062,0.34720542615279454,0.25212882355739497
IL9R,,0.4444504151105618,0.5131700878307213,
IMPDH2,,,0.6523381380524238,
INPP5F,,0.9235304754592588,,
INSIG2,,0.8687983795345758,,
INSM2,1.0,,1.0,
INTS6L,0.8519584990173227,,,
IQGAP1,,1.0,,
IQGAP3,,,1.0,
IQSEC2,1.0,,1.0,
IRAK4,,0.2500467012662135,,
IRF1,,0.5883739276596419,0.6636140594864798,0.48059632675017294
IRF4,,0.3963304455107734,0.45319205216377445,0.3474971630311436
IRF7,0.17800381436745075,0.1774958374958375,,
IRF8,,0.3661558382966008,,0.28003108003108
IRF9,,0.5113877350719457,,0.4588744588744589
IRS2,1.0,,,
IRX1,1.0,,1.0,
IRX2,1.0,,1.0,
IRX3,0.32483645386871196,,0.29503045973634207,
ISG15,,0.22117428026518934,0.25176617104868226,0.17012495701020292
ISLR2,0.09872480460715755,,0.09357309357309357,
ISM2,0.6319606319606319,,0.6085994005994005,
ITGA10,1.0,,,
ITGA2,0.3347947389398167,,0.33166833166833165,
ITGA3,0.6907874733961691,,0.6403908591408591,
ITGA5,,0.3923646186216018,,
ITGA6,0.6338615512927439,0.5169200364852539,0.5975149348643324,
ITGA8,,,0.3603001360010706,
ITGB2,,0.3328046953046953,0.4159962600074021,0.2743620016347289
ITGB4,0.7242072995497653,,,
ITIH5,,0.4314985014985015,,
ITK,,1.0,1.0,1.0
ITM2A,,0.4590409590409591,0.4870310412479087,
ITM2C,,0.4666016336604572,,
ITPKB,,0.5424158305160393,,
ITPRIPL1,,0.5018847818847819,,
JADE1,1.0,,,
JAK3,,1.0,1.0,
JAM2,,0.6922175169962781,,
JUNB,,0.9576544145509662,1.0,0.9168879900587217
KCNA2,0.17800381436745075,,0.1784705360864301,
KCNAB2,,0.5852315015661629,0.6864231175185239,
KCND2,0.24996280315429253,,0.2047599459364165,
KCNH5,,0.21010829966053846,,
KCNH8,,,0.21016416738341875,
KCNJ16,0.20786552896644636,,,
KCNJ3,,0.1778783716283716,,
KCNJ6,0.2865427255671158,,0.21016416738341875,
KCNK1,,,0.35178745305327586,
KCNK12,0.27611098578840515,,,
KCNK9,0.2460697197539303,,0.21016416738341875,
KCNMB1,1.0,,,
KCNN3,0.23787236385661586,,,
KCNQ3,0.17800381436745075,,,
KCTD12,,0.2966591231897355,0.35178745305327586,
KCTD2,1.0,,,
KDM3A,,1.0,,
KDM5A,1.0,,1.0,
KDM5C,1.0,,1.0,
KDM5D,,1.0,1.0,1.0
KDM6A,1.0,,,
KHDRBS3,1.0,,1.0,
KIAA0319,,1.0,,
KIAA0930,,,1.0,
KIAA1549L,,1.0,,
KIF17,0.34929537467608535,,,
KIF21A,0.3630984400215169,,,
KIF2C,,,1.0,
KIF5C,0.6001765225066196,,,
KIFC2,,,0.34637904468412944,
KIT,1.0,,1.0,
KLF10,1.0,,,
KLF13,,0.7228123505996576,0.8063027315363764,
KLF2,,0.610877583954507,,
KLHDC10,,0.28457151704384176,,
KLHDC8A,0.17800381436745075,0.15851774125155418,,
KLHDC8B,0.3807303807303808,,,
KLHL1,0.8501782681213754,,0.8319498683135047,
KLHL15,1.0,,,
KLHL28,1.0,,1.0,
KLHL32,,,1.0,
KLHL5,0.6195673485393112,,,
KPNA2,,,0.9140062734468328,
KREMEN1,,0.1402625152625153,,
KSR2,,0.21496552228259544,,
L3MBTL1,,1.0,,
LAIR1,,0.3320107565390584,0.398022726552986,
LAMA4,,0.6155721672963053,,
LAMB1,0.7608971339541287,,0.7039799578659682,
LAMC1,,0.1778783716283716,,
LAMC3,,,0.6761851287398732,
LAMP5,0.568922602820908,,,
LAP3,,0.1932804038067196,0.21016416738341875,0.17012495701020292
LAPTM4B,,0.9221804980733552,,
LAPTM5,,0.1778783716283716,0.23213325136402063,0.1506049506049506
LARGE1,0.17800381436745075,,,
LAX1,,0.8536299893554185,0.9282035578845567,
LCP1,,0.41902200363738823,0.4559907097978164,0.36508253651110795
LDHA,,0.9919952928427505,,
LEF1,1.0,1.0,,
LEPROTL1,,,0.6899368237396406,
LGALS1,,0.2586659372373658,,
LGALS3,,0.36776965724334143,,
LGALS3BP,,0.21010829966053846,,0.17012495701020292
LGALS8,0.09872480460715755,,0.09357309357309357,
LGI1,0.17800381436745075,,0.1588977060675174,
LGR6,0.4081373172282263,,,
LHFPL3,0.3630984400215169,,0.34491106163461105,
LHFPL6,0.17800381436745075,0.153013653013653,,
LHX2,1.0,,,
LHX4,1.0,,,
LIMCH1,,0.2223158007911371,,
LIMK2,,1.0,,
LINGO2,0.17800381436745075,,0.1768916015491358,
LIPG,,0.41902200363738823,0.48437836673130796,
LMAN1,,0.14041252864782278,,
LMO2,,1.0,1.0,
LMO4,,,,0.999142034436152
LNPK,,0.28606900346030784,,
LNX1,0.09872480460715755,,0.11228771228771228,
LONRF2,,0.8875254851049103,,
LPAR1,0.09872480460715755,,0.11228771228771228,
LPAR6,,,0.11228771228771228,
LPCAT2,,0.5018847818847819,,
LPL,0.20786552896644636,,0.1759732804508924,
LPXN,,0.8535292832167831,0.9517720374863232,
LRCH3,,0.3959858822496185,,
LRFN5,0.9505986970775704,,0.9477635907184471,
LRIG1,,0.5613629724059171,,
LRMP,,0.656486888791789,0.7211823118645082,
LRP1,0.4214126484868843,0.30602730602730605,0.34772968966517354,
LRP2,0.9566433566433568,0.8152448201149501,0.9302951543615444,
LRP2BP,,,0.5090035249488553,
LRP4,0.48353133854992597,,0.45319205216377445,
LRP6,,,0.22235190552022235,
LRRC17,,,1.0,
LRRC3B,0.34679606108177535,,0.3348931769984402,
LRRC4C,0.11443102352193261,,0.11228771228771228,
LRRC7,,0.41902200363738823,0.4925828888093039,
LRRC8C,,0.1224109224109224,,
LRRFIP1,,,1.0,
LRRK2,,0.23049716241205606,,
LRRN1,0.35176944267853355,,0.33530358530358534,
LRRN2,,,,0.1058941058941059
LRRTM1,0.4781633460878744,,0.43534006100851025,
LSM11,,,1.0,
LTB,,0.14041252864782278,0.1588977060675174,0.1058941058941059
LTBP3,0.8257801424088439,,,
LTBP4,1.0,,,
LY6E,,0.4240886017535764,0.5145464016795845,
LZTFL1,,0.29646395271395276,,
LZTS1,,0.6297870353945121,,
MAB21L1,1.0,,1.0,
MAB21L2,1.0,,1.0,
MAF,,1.0,1.0,
MAGED1,1.0,0.9563903722177104,,
MAGEL2,0.7115138382744016,,0.6514401628905445,
MAML3,0.4497902097902098,,,
MAN1C1,,0.10200910200910202,0.11228771228771228,
MANSC1,0.4848484848484848,,,
MAOA,0.17800381436745075,0.14041252864782278,,
MAOB,,0.15851774125155418,0.1768916015491358,
MAP1B,0.42669195211568095,,0.3502221251417392,
MAP3K21,,,1.0,
MAP4K1,,1.0,1.0,
MAP7,,0.15851774125155418,,
MAP7D2,0.17800381436745075,,,
MAP7D3,0.9063626312086269,,0.8660313293744378,
MAPT,,0.4838539838539838,0.5879541403155365,
MASP1,,,0.5901419643750933,
MBIP,0.2582033351264121,,,
MBNL1,,1.0,1.0,
MBP,,0.3228094486159003,0.38868823484208104,
MCCC2,0.7738247154305549,,,
MCHR1,,0.31894404297001705,0.38556624098792774,
MCL1,,0.16576479076479078,,0.1357616742232127
MCM3,,1.0,,
MCTP1,0.6847751654873316,,,
MCUB,,0.1445128945128945,,
MDM2,,0.21627891339429803,,
MED14,1.0,,,
MED26,,1.0,,
MEIS2,1.0,,,
MEST,1.0,1.0,,
MET,1.0,,1.0,
METAP1D,1.0,,,
MFNG,,1.0,1.0,
MFSD2A,,0.7366366741366741,0.8082629444858547,
MICAL2,,,0.7847683220107943,
MID1IP1,0.7733443027560675,,0.6964185640143828,
MID2,1.0,,,
MIDN,,1.0,,
MINDY2,,0.24119101237745305,,
MKI67,,,1.0,
MKNK2,1.0,,1.0,
MLKL,,0.5197817367014764,0.5975149348643324,
MLLT3,1.0,,,
MLPH,1.0,,,
MMGT1,0.939182030091121,,0.8710016466890562,
MMP14,,0.6155721672963053,,
MMP17,,,0.763191280264451,
MMP2,,0.4792771034070338,,
MMP25,,0.5403899897570784,,
MN1,0.8820116054158608,,0.8362211806320566,
MOB3A,,,0.826752515776906,
MORC4,1.0,,0.9871774971376566,
MORF4L2,0.5714022819285977,,0.4979039436314263,
MOSPD1,0.750125206358628,,0.6761851287398732,
MOXD1,,,0.5530588814170904,
MR1,,0.1266319887009542,0.1267764493570945,
MRI1,0.7242072995497653,,0.6825331531213885,
MSMO1,0.7069148616426553,,0.6635182998819362,
MSN,,0.6493343020615748,,
MSX1,1.0,,1.0,
MT-ATP6,,,0.9198534428019823,
MT-CO1,,,0.35776211170532934,
MT-CO3,0.7604895104895105,,0.701065890631108,
MT-ND2,0.49380222665421225,,0.4958499444480753,
MT-ND6,0.5594405594405594,,0.5330581506405682,
MT2A,,0.4782566270938364,0.54091285059027,0.4198279596509685
MT3,,,0.6833166833166833,
MTCH1,,0.2803303566662345,,
MTMR1,0.38671006412941894,,0.35903908004221485,
MTSS1L,,0.22952047952047952,,
MX1,,0.13501204677675266,0.13407488034353707,
MX2,,0.44898896723714243,0.5542712606542394,
MXRA7,,,0.45935882299518666,
MYD88,,,0.1768916015491358,
MYH9,,,0.8742400456686171,
MYLK,0.9999867305370151,,0.9598542570048676,
MYO1F,,0.41469496560880376,0.4688011988011988,0.3474971630311436
MYO1G,,0.8718274092319895,0.9158662566483796,0.8377698251115973
MYO5B,,,1.0,1.0
MYO7A,,,1.0,
MYOF,,,0.8442558935832478,
MYOM2,0.17800381436745075,,0.16185616185616186,
MYORG,0.1432713627835579,,,
MYT1L,,0.3923646186216018,0.4598717865049523,
NAA25,,1.0,,
NAALAD2,,0.931543529783999,,
NALCN,1.0,,1.0,
NAMPT,,0.20244883321806398,,
NANOS1,,0.8803525241881406,,
NAP1L5,1.0,1.0,1.0,
NAPB,0.17800381436745075,0.1402625152625153,,
NBEA,,,1.0,
NCAM1,,0.15851774125155418,,
NCAM2,0.23787236385661586,,0.23913123913123913,
NCAN,0.24681201151789386,,0.2500953591862683,
NCKAP1L,,0.2864936481957759,0.34637904468412944,
NDN,,0.26939855511284083,,
NDNF,1.0,,1.0,1.0
NDP,,,0.867011073106864,
NDRG1,,0.9872971978235136,,
NDRG2,,,0.38868823484208104,
NDUFAF4,0.49380222665421225,,,
NEBL,1.0,1.0,1.0,
NECAB2,1.0,0.9919952928427505,,
NECTIN3,,0.4740563175142614,,
NEFM,,,,0.874777396516527
NEGR1,,0.15851774125155418,0.16932274075131218,
NEK11,1.0,,1.0,
NEK6,,1.0,,
NEK7,1.0,,1.0,
NELL1,0.15612294682062125,,,
NET1,,1.0,,
NEUROD1,1.0,,,
NEUROD2,1.0,,1.0,1.0
NEUROD6,1.0,,1.0,
NFATC4,,,0.7063568909722755,
NFE2L1,,0.5113877350719457,,
NFIB,,,0.8362211806320566,
NFIX,,,1.0,
NFKB1,,0.8614975163511374,0.9665847665847666,
NINL,1.0,,1.0,
NKRF,1.0,,0.9868161133141159,
NLGN4Y,0.19791529225491492,,,
NLRC5,,0.5933059035825834,,0.4652670164481188
NME3,0.7277275569958497,,0.6745564971073289,
NME6,,,0.16932274075131218,
NMI,,0.3945476011591714,0.4820291371159858,
NMRK1,0.8998439576951974,,0.8884127236399965,
NNAT,,0.6293442903612395,,
NNMT,,0.2966591231897355,0.34720542615279454,0.23408170776591833
NOG,,,0.9719527784043913,
NOMO3,,,0.4820291371159858,
NOS1,0.6195673485393112,,0.5567205903340358,
NOTCH1,1.0,1.0,1.0,
NOTCH2,0.3803672962551467,,,
NOVA1,,1.0,,
NPAS2,0.9779325732633126,,0.9339240070274554,
NPIPA1,,,0.5393732904649935,
NPNT,1.0,,1.0,
NPPA,0.4497902097902098,,,
NPTX1,0.09872480460715755,,0.11615970236659892,0.07942057942057942
NPTX2,,,0.156680528773552,
NQO2,0.9491315136476427,,,
NR3C2,0.7122289475230652,,0.6686796349717697,
NR4A2,1.0,,1.0,
NRCAM,0.17800381436745075,,0.11228771228771228,
NREP,0.7604895104895105,,0.715411678622381,
NRG3,,,1.0,
NRGN,0.17800381436745075,,0.156680528773552,
NRM,,,0.6856506325532874,
NRN1,0.17800381436745075,,0.13407488034353707,
NRP1,0.32167832167832167,,0.32493513812195135,
NRP2,0.4385737719071052,,0.41319354802500874,
NRSN1,,0.6084961550077829,,
NRXN1,,0.10200910200910202,0.11228771228771228,
NRXN2,,,0.11615970236659892,
NRXN3,0.13426573426573427,,0.11228771228771228,
NSG2,,0.5844015422328674,,
NSMF,,1.0,,
NTM,,0.1405227425635589,,
NTN1,,0.48099963817503677,,
NTNG1,0.21347073978652928,,,0.17012495701020292
NTRK2,,1.0,,
NTRK3,1.0,,1.0,
NTS,,,0.23611902116575012,
NUP210,,1.0,1.0,
NXPH1,0.17800381436745075,,0.11228771228771228,
NXPH3,,,0.5279753359223558,
NXPH4,0.6085926852700015,0.4828737853568553,0.5061940347981538,
NXT2,1.0,,0.9917274326723146,
OAS1,,0.35375633540771156,0.3970753883797362,0.30349032410888077
OAS2,,0.32746870963431474,0.34720542615279454,0.22919546207217442
OAS3,,0.8289051712618593,0.9140062734468328,0.8000888000888
OASL,,0.4395803697549333,0.5278269402437916,
OBSL1,,1.0,,
OCRL,0.23787236385661586,,0.26478325168281497,
OGFRL1,1.0,,1.0,
OGN,,0.5470632460323182,0.6761851287398732,
OLFM1,,0.5852315015661629,,
OLFM2,,0.42283162130490376,0.4473732072676664,
OLFM3,0.4177320476879948,,0.34720542615279454,
OLFML2A,,0.815421000724515,,
OMG,0.3738441653133596,,,
ONECUT2,0.9886665059078851,0.8598135610519512,,
OPCML,0.17482517482517482,0.1405227425635589,,
ORMDL3,,0.1405227425635589,0.156680528773552,
OSTF1,,,1.0,
P4HA1,,0.42283162130490376,0.4925828888093039,
P4HA2,,0.7247187743763086,,
P4HB,,0.12406512406512407,0.11228771228771228,
PACSIN2,0.6890470233578738,,,
PADI2,,,0.9971382783882784,
PAIP2B,,,1.0,
PALMD,0.7242072995497653,,0.6514401628905445,
PAM,,,0.8383471731888023,
PAMR1,0.9873427915654404,,,
PAPPA2,,,0.5975149348643324,
PARD3B,1.0,,,
PARP10,,1.0,1.0,1.0
PARP12,,0.735091143949747,0.8454997383568812,
PARP14,,0.7991827844286861,0.86738189346885,0.738472054261528
PARP4,,0.9289307442926351,,
PARP9,,1.0,1.0,1.0
PAX7,0.22425850012056905,0.17821590174531352,0.1768916015491358,
PBX1,1.0,,,
PBX3,1.0,,1.0,
PC,0.4595404595404595,,0.4321098955245296,
PCBD1,1.0,,,
PCDH10,0.42669195211568095,0.3923646186216018,0.4183870923596951,
PCDH17,,0.14754887969173686,,
PCDH18,,0.1927464800392977,,
PCDH8,0.6600716356813917,,,
PCDHGA3,0.24996280315429253,,0.21016416738341875,
PCDHGB5,,,0.5661172161172161,
PCLO,,0.22549380444117287,0.22567628449981392,
PCNA,,1.0,,
PCP4,1.0,,1.0,
PCSK1,,0.41902200363738823,,
PCSK1N,,0.6096914668343241,0.6856506325532874,
PCSK5,0.8820116054158608,,,
PDE10A,,0.1266319887009542,,
PDE1A,0.26042922594646734,,,
PDE1C,,0.7357125048126747,,
PDE3B,,0.14124337201260279,0.1674465884992201,
PDE4DIP,,0.6440025176288912,,
PDE7A,,0.14124337201260279,,
PDGFRA,1.0,,1.0,
PDGFRB,,1.0,,
PDIA2,0.17800381436745075,,0.14035964035964038,
PDK1,,0.48099963817503677,,
PDK3,0.17800381436745075,,0.1588977060675174,
PDK4,,0.3923646186216018,,
PDLIM1,1.0,,0.9800748114001125,
PDLIM3,0.9666073571399015,,,
PDP1,,,1.0,
PDPN,,0.6466781393788693,0.706139221603139,
PDZD4,,0.5939464874376117,0.6825331531213885,
PDZRN3,,,0.29503045973634207,
PDZRN4,0.7069148616426553,,,
PEA15,0.8501782681213754,0.7550723982884787,,
PEAK1,1.0,,,
PECAM1,,1.0,1.0,0.9606108177536749
PEG10,,0.9447316109144847,1.0,
PEG3,0.7648048154377268,,,
PENK,,,0.5331823537512815,
PFKFB4,,1.0,,
PFKP,,0.5018847818847819,,
PFN1,,0.6684424698735968,,
PGAP1,0.7644264132813751,,,
PGGHG,,0.6461819715933061,0.7084819941962799,0.547623804766662
PGK1,,0.815421000724515,,
PGM3,,0.735091143949747,0.7876104937716313,
PGM5,0.29792692514586006,0.2643504355566612,,
PGPEP1,,,1.0,
PGRMC1,0.6085926852700015,,0.5602615413936168,
PHACTR1,,0.4568340313532621,,
PHC2,,0.8135847891945454,,
PHF11,,0.5419769306323927,0.5975149348643324,
PHF19,,1.0,1.0,
PHF24,,,0.7667542813173882,
PHF6,0.9047742381075714,,0.867011073106864,
PHIP,,,1.0,
PHKA1,1.0,,,
PHKA2,1.0,,1.0,
PHLDA1,,0.1950329463282831,,
PHYHD1,0.8215149336644664,,,
PHYHIP,,0.4279780370005934,,
PHYKPL,,0.7462318457259436,,
PIEZO1,,0.5852315015661629,0.6825331531213885,
PIGP,0.09872480460715755,,,
PIK3AP1,,,0.7546906600740205,
PIK3CD,,1.0,1.0,
PIK3CG,,1.0,1.0,1.0
PIK3IP1,,0.34853109853109854,,
PIK3R1,,,1.0,
PIK3R5,,1.0,1.0,
PIM2,0.9977045854908451,,0.9472831695053916,
PIMREG,,,1.0,
PIN4,0.1432713627835579,,0.1267764493570945,
PIP4K2A,,1.0,1.0,
PIR,0.5680034251462823,,,
PITPNM3,,1.0,,1.0
PJA1,0.24996280315429253,0.22101972101972103,0.21016416738341875,
PKHD1,,,0.38556624098792774,
PKIA,,0.9235304754592588,,
PKIB,0.45468475747360215,,,
PLA2G16,1.0,,,
PLAC8,,0.5368445114207826,0.5923119650207227,0.45284796504308694
PLCB1,0.9990009990009989,,,
PLCD4,,,1.0,
PLCE1,1.0,,1.0,
PLCXD2,1.0,,,
PLEK,,1.0,,
PLEKHA2,,1.0,1.0,
PLEKHB1,1.0,,0.9917274326723146,
PLEKHF1,,1.0,1.0,
PLEKHG2,,1.0,,
PLIN2,1.0,,1.0,
PLOD1,,0.5113877350719457,,
PLOD2,,0.610877583954507,,
PLP2,,0.815421000724515,0.8724512897174769,
PLPPR4,0.8277177368086458,,,
PLS3,,,0.11615970236659892,
PLSCR1,,0.7706975298948544,0.8158538849783089,
PLXDC2,,0.1266319887009542,,
PLXNA2,,,0.6949274501722054,
PLXNB3,,,0.33530358530358534,
PMCH,,0.8581138923285112,,
PML,,1.0,,1.0
PMP22,,0.6167001878576832,0.6825331531213885,
PNPLA3,0.8213903743315509,,,
POFUT2,,0.14124337201260279,,
POLA1,1.0,,1.0,
PON2,0.22886204704386526,0.1932804038067196,,
POU2F1,,,1.0,
POU3F1,1.0,,1.0,
POU3F2,0.9947987003436334,,,
POU3F3,1.0,,1.0,
POU4F1,1.0,,1.0,
POU4F2,1.0,,1.0,
PPARGC1A,1.0,,,
PPFIA3,,,0.13407488034353707,
PPIL3,0.09872480460715755,,0.09357309357309357,
PPM1K,1.0,,1.0,
PPM1M,,0.6791515080285134,,
PPP1CA,,0.10200910200910202,,
PPP1CB,1.0,,1.0,
PPP1R15A,1.0,,,
PPP1R16B,,1.0,1.0,
PPP1R17,,,1.0,
PPP1R1A,,,1.0,
PPP1R1B,0.9662051096314045,,0.9140062734468328,
PPP1R3C,,,1.0,
PPP2R2C,0.41958041958041964,0.32746870963431474,,
PRDM1,,0.7135351694937188,0.8109668109668109,
PRDX2,0.22756904112836315,,0.21638777888777885,
PRELP,,0.4568340313532621,,
PREPL,,0.5376505101663664,,
PRF1,,0.1405227425635589,0.17013289740562468,0.11295371295371295
PRIMA1,,,0.34491106163461105,
PRKACB,1.0,,1.0,
PRKCH,1.0,1.0,1.0,1.0
PRKCQ,,1.0,1.0,
PRKD1,1.0,,,
PRKX,,,1.0,
PRNP,,,0.11228771228771228,
PROX1,,,1.0,
PRPH,,0.5747342088805504,,0.49944085764981294
PRPS1,0.4781633460878744,,0.45319205216377445,
PRPS2,0.7969009407858328,,0.7522542816660464,
PRR36,,,0.3788430414570233,
PRRG1,0.7683631504971455,,0.7037476412476412,
PRRX1,1.0,,1.0,
PRSS23,,0.1932804038067196,0.21016416738341875,
PSMB10,,0.6167001878576832,0.6825331531213885,
PSMB5,0.9259705811429949,,,
PSMB9,,0.2864936481957759,0.35178745305327586,0.23408170776591833
PSMD10,1.0,,,
PSME1,,0.2500467012662135,,
PSME2,,0.7106693656606091,,
PSRC1,,1.0,,1.0
PTCH1,,,,0.31552121348039713
PTGER3,1.0,,,
PTH1R,,,0.33166833166833165,
PTH2,0.49380222665421225,,,
PTK2B,,1.0,,1.0
PTN,0.3742736137102335,0.2909414529132839,0.34720542615279454,
PTP4A2,,,0.9950102253767175,
PTP4A3,,0.2586659372373658,,0.214857606161954
PTPN5,,0.815421000724515,0.9030462495251227,
PTPN6,,1.0,1.0,1.0
PTPN7,,0.9153331698241878,0.9700326627550346,0.874777396516527
PTPRB,1.0,,1.0,
PTPRC,,0.17821590174531352,0.20292960051996198,0.1357616742232127
PTPRD,0.19791529225491492,,,
PTPRE,1.0,,0.9600751551971063,
PTPRM,,0.8518879239882374,0.9161549747323806,
PTPRN,0.2760397497239603,0.22549380444117287,0.2687227302611918,
PTPRR,,,1.0,
PTPRT,1.0,0.9872971978235136,1.0,
PTPRU,,0.28433134030148954,,
PUDP,1.0,,1.0,
RAB11FIP5,,,0.9005252173569006,
RAB26,1.0,,,
RAB27A,1.0,1.0,1.0,
RAB29,1.0,,,
RAB30,,,1.0,
RAB31,1.0,,1.0,
RAB33A,1.0,,1.0,
RAB37,,1.0,1.0,
RAB3B,1.0,1.0,,
RAB7A,1.0,,1.0,
RAB9A,1.0,,1.0,
RAB9B,1.0,,1.0,
RAC2,,1.0,1.0,1.0
RAI14,1.0,,,
RALGPS1,,1.0,1.0,
RANBP9,1.0,,,
RAP1GAP,,1.0,,
RAP2C,1.0,,1.0,
RAPGEF5,,,1.0,
RAPGEF6,,,1.0,
RARRES3,,0.41902200363738823,0.4271815141380359,
RASAL3,,1.0,1.0,
RASD1,1.0,,,
RASGRF1,,1.0,,
RASGRF2,1.0,,,
RASGRP1,,1.0,1.0,
RASGRP2,1.0,1.0,,
RASSF2,1.0,1.0,,
RASSF3,,0.14041252864782278,0.1588977060675174,
RASSF5,,0.6293442903612395,0.707776039973655,
RASSF7,1.0,,,
RBBP7,1.0,,1.0,
RBFOX1,1.0,,1.0,
RBM11,1.0,,,
RBM24,1.0,,,
RBM3,,1.0,,
RBM41,1.0,,,
RBMS3,1.0,,1.0,
RBMX2,1.0,,1.0,
RBP1,,,0.2971036745355812,
RCAN1,0.7242072995497653,,0.7054219446646296,
RCN2,,0.4008875221813227,,
RCOR2,1.0,,1.0,
RCSD1,,0.9485962014863749,1.0,
REEP1,,,,0.4428298973753519
RELN,0.5477855477855478,,0.5007773835360042,
REPS2,1.0,0.9931859395893248,,
RERG,,1.0,,
RET,,1.0,,1.0
RFLNB,,,1.0,
RFTN1,1.0,1.0,,
RFX4,,0.8658218704372551,,
RGL1,,1.0,,1.0
RGMA,,0.12406512406512407,,
RGMB,,,0.8471410246558175,
RGR,1.0,,,
RGS1,,0.6922175169962781,0.7815224775224775,0.6566855962829118
RGS10,,1.0,1.0,
RGS7,,,0.6825331531213885,
RGS8,1.0,,1.0,
RHBDF2,,0.5314167473994688,,
RHOBTB2,0.8983547572759191,,,
RHOF,,1.0,,
RHOG,,1.0,1.0,
RHOT1,1.0,,,
RHOU,,1.0,,
RIMBP2,1.0,,1.0,
RIN3,,1.0,1.0,
RIPOR2,,,0.9470419690199909,
RMDN1,0.8916083916083916,,0.867011073106864,
RND1,1.0,,1.0,
RNF125,,0.7925451813425456,0.8228717847038458,
RNF128,0.22425850012056905,0.16163414050737993,0.1768916015491358,0.1506049506049506
RNF213,,1.0,1.0,
RNF24,1.0,,,
ROBO1,0.1432713627835579,,0.11228771228771228,
ROBO2,0.09872480460715755,,,
ROBO3,0.4177320476879948,,0.34720542615279454,
RORA,1.0,,1.0,
RPGR,0.3630984400215169,,,
RPL15,,1.0,,
RPL28,,1.0,,
RPL39,1.0,,,
RPL6,,1.0,,
RPL7L1,1.0,,,
RPRM,,,0.9341842730272483,
RPS28,,1.0,,
RPS4X,1.0,,1.0,
RPS4Y1,,0.711753403391034,0.7738992086818174,0.5769403010782321
RPS6KA1,,,1.0,
RPS6KA2,1.0,,1.0,
RPS6KA3,1.0,,1.0,
RPS6KA6,1.0,,1.0,
RRAGD,0.7864599168946994,,,
RRM2,,1.0,1.0,
RSAD2,,0.1266319887009542,0.14582819777624972,
RSPO2,0.5714022819285977,,,
RTL8A,,,0.1768916015491358,
RTN1,,0.12406512406512407,,
RUNX1T1,1.0,,1.0,
RXRG,1.0,1.0,,
RYR3,0.09872480460715755,,0.11228771228771228,
S100A10,,0.21627891339429803,,
S100A11,,0.16163414050737993,,
S100A4,,0.4633715341262511,0.5530229941364845,
S100A6,,0.28457151704384176,0.362668387513108,
S1PR1,,0.8804098636925384,,
S1PR3,,0.24179935291046403,,
S1PR4,,0.43977257310590645,0.5007773835360042,0.3812187812187812
SAFB2,,,0.7126678035768945,
SALL1,1.0,,1.0,
SALL3,,,1.0,
SAMD10,0.3630984400215169,,,
SAMD11,0.19365250134480902,,0.18830858582411375,
SAMD5,0.32167832167832167,,,
SAMD9L,,0.589026814769389,0.6724693217230531,0.5317560137704023
SAMHD1,,0.30498992532890834,0.33530358530358534,
SARAF,,0.1405227425635589,,
SASH3,,1.0,1.0,1.0
SAT1,0.502293405519212,,0.48437836673130796,
SBK1,,,1.0,
SCAI,,1.0,1.0,
SCARB1,,0.2806212655269259,,
SCG2,0.41393583994480854,0.32662529777914395,0.3907087064981802,
SCGN,,,,0.45284796504308694
SCML2,1.0,,1.0,
SCN2A,,0.12406512406512407,,
SCOC,,0.43977257310590645,,
SCUBE3,1.0,,,
SDCBP,0.4654720279720279,,,
SEL1L3,,0.3945476011591714,,
SELL,,0.2921169739351558,0.36623069238453854,0.25414585414585417
SELPLG,,0.3923646186216018,0.4455861598718741,
SEMA3B,,,1.0,
SEMA3F,0.7683631504971455,,0.7368881118881119,
SEMA3G,,0.4818891515724095,,
SEMA4A,0.827769515552321,,0.8053134365634366,
SEMA4D,,,0.6198987652818694,
SEMA5A,,0.6654442679622536,,
SEMA5B,,,0.3130698297984543,
SEMA6B,1.0,,,
SEPHS2,,0.5368445114207826,,
SEPT3,,0.815421000724515,,
SEPT6,1.0,,,
SEPT9,,1.0,,
SERINC5,0.42669195211568095,,,
SERPINB9,,0.8484643318766542,0.8742400456686171,
SERPINF1,,1.0,1.0,
SERPING1,,0.33748805711422536,,0.30349032410888077
SERPINI1,,1.0,1.0,
SERTAD4,1.0,,1.0,
SERTM1,,,0.3603001360010706,
SESN3,1.0,,,
SETD7,1.0,,,
SEZ6L,,0.7354023527492916,,0.653967653967654
SFRP4,,,0.39611700253099674,
SGCD,,,0.21016416738341875,
SGK1,,0.9872971978235136,,
SH2D2A,,0.9221804980733552,0.9736625790317066,
SH3BGRL3,,0.1266319887009542,,
SH3BP4,,1.0,,
SH3BP5,1.0,,1.0,
SH3GL2,,1.0,1.0,
SH3GL3,,1.0,1.0,
SH3KBP1,1.0,,1.0,
SH3PXD2B,1.0,,,
SH3RF1,,,1.0,
SH3TC1,,,0.1768916015491358,
SHC2,1.0,,1.0,
SHC3,1.0,,,
SHD,1.0,,1.0,
SHISA6,,0.6382205155439356,,
SHISAL1,0.7115138382744016,,,
SHROOM2,0.8173386896791153,,0.7039799578659682,
SHTN1,1.0,0.9262305741595682,1.0,
SIGIRR,,0.1774958374958375,0.1759732804508924,
SIK1,,,1.0,
SIPA1L1,,0.5424158305160393,,
SIPA1L2,,1.0,,
SIX2,0.8257801424088439,,0.8109668109668109,
SKA3,,,1.0,
SKAP1,,1.0,1.0,1.0
SLA,0.7683631504971455,0.6407975082008232,,
SLAMF1,,0.5089145887372052,0.5975149348643324,0.4428298973753519
SLAMF6,,0.21982243109003674,0.2874565434565434,0.18290800108981928
SLC12A5,0.6890470233578738,,,
SLC12A7,0.6313191452510337,,0.54091285059027,
SLC13A4,1.0,,1.0,
SLC14A1,,1.0,1.0,
SLC15A2,,0.3927350427350427,,0.32944832944832947
SLC16A1,,0.29646395271395276,,
SLC17A6,0.7604895104895105,,0.6856506325532874,
SLC17A7,0.4385737719071052,,,
SLC1A2,,,0.16932274075131218,
SLC1A3,0.2947052947052947,0.21010829966053846,0.2874565434565434,
SLC1A4,,,0.21016416738341875,
SLC22A15,1.0,,1.0,
SLC24A4,,,0.6636140594864798,
SLC25A13,0.7242072995497653,,0.6636140594864798,
SLC25A14,0.27611098578840515,,0.26101968207231363,
SLC25A27,,,1.0,
SLC25A5,0.8998439576951974,,0.8421578421578423,
SLC26A6,0.43176740272175956,,0.4183870923596951,
SLC27A3,,,0.1588977060675174,
SLC2A4RG,1.0,,,
SLC30A3,1.0,,,
SLC30A8,0.8372960372960374,,0.7691436189012926,
SLC32A1,0.4683688404618637,,0.40193897012078833,
SLC35A2,0.21347073978652928,,0.1768916015491358,
SLC35E1,,0.12406512406512407,,
SLC35F5,0.7525807525807526,,,
SLC38A2,,,0.20292960051996198,
SLC39A8,0.4822043628013778,0.41097384291101563,,
SLC43A3,,0.5419769306323927,,
SLC4A4,,0.9911111615657071,,
SLC6A1,,0.1927464800392977,,0.14623471766328908
SLC6A11,,0.153013653013653,,
SLC6A15,0.17482517482517482,,,
SLC6A3,0.29320077512848597,,,
SLC6A6,0.44845842416692616,0.35439636351490456,,
SLC7A8,,1.0,,
SLC8A3,0.27611098578840515,,0.23611902116575012,
SLC9A3R1,,1.0,,
SLC9A5,,,0.16932274075131218,
SLC9A6,0.24681201151789386,,0.22235190552022235,
SLCO1C1,1.0,,,
SLCO4A1,,,0.8319498683135047,
SLFN5,,0.7135351694937188,,
SLIT3,,0.12406512406512407,0.11228771228771228,
SLITRK1,,,0.4559907097978164,
SLITRK2,0.3630984400215169,,0.34720542615279454,
SLITRK3,0.8837022849761703,,0.8533204645133953,
SLITRK4,0.17482517482517482,,0.15248948582281915,
SLITRK5,0.1432713627835579,,0.11228771228771228,
SLITRK6,0.666765258910274,,,0.48133684497320867
SMAD9,,0.48099963817503677,,
SMARCA1,1.0,,1.0,
SMC1A,1.0,,1.0,
SMC4,,1.0,1.0,
SMCR8,,0.41902200363738823,,
SMIM12,,,1.0,
SMOC1,1.0,,,
SMPD1,0.26853146853146853,,,
SMS,0.5477855477855478,,0.4870310412479087,
SNCA,0.26853146853146853,,,
SNCAIP,,0.15851774125155418,,
SNCB,,,0.33329214954656655,
SNN,,0.1778783716283716,,
SNX20,,1.0,1.0,0.999142034436152
SNX7,,,1.0,
SOCS2,1.0,,,
SOCS3,,1.0,,1.0
SOD2,,,0.43534006100851025,
SORCS1,,,0.7847683220107943,
SORCS3,,0.795972500405998,,
SORL1,,,0.5566806075280651,
SOX1,1.0,,,
SOX10,,1.0,,
SOX2,0.446870202967764,,,
SOX6,1.0,,1.0,
SOX8,,,0.8919307642711899,
SOX9,1.0,1.0,,
SP110,,0.3908405879834452,0.4233798987897348,
SPATA13,,1.0,1.0,
SPATA20,0.17800381436745075,,,
SPATS2L,0.6606159797649159,,,
SPHKAP,0.17800381436745075,,,
SPN,,0.9524769178947853,1.0,0.9346581562150426
SPOCK1,0.7606938516029426,0.5994534876887818,,
SPON1,,0.3809907671579142,,
SPP1,,0.4036606824810578,0.4183870923596951,
SPRY2,1.0,,,
SPSB1,,,1.0,
SRGAP2,,,1.0,
SRGN,,0.1405227425635589,0.1588977060675174,0.1058941058941059
SRSF3,,1.0,,
SST,0.5698355698355698,,0.5117875321956955,
SSTR3,,,0.4537457427483003,
ST18,,,0.434662112081467,
ST3GAL1,0.5680034251462823,,,
ST3GAL6,,,0.38778038778038776,
ST5,0.7648048154377268,,,
ST6GAL1,,,0.27005905486918147,
ST6GAL2,0.7604895104895105,,0.6636140594864798,
ST6GALNAC3,0.8171828171828172,0.7135351694937188,,
ST8SIA1,,,0.40102754388468675,
ST8SIA3,0.13426573426573427,,0.14035964035964038,
STAG2,1.0,,1.0,
STAG3,,,1.0,
STARD4,,,1.0,
STARD8,1.0,,,
STAT1,,0.9485962014863749,,0.9288061336254108
STAT2,,1.0,,
STAT3,,1.0,,
STAT4,,1.0,1.0,
STAT5A,,0.22542189952904237,0.31049253776526503,
STAT6,,0.5355477855477855,,
STC1,0.5714022819285977,0.43977257310590645,0.5198037917139041,
STK10,,1.0,1.0,
STK17A,,1.0,1.0,
STK32C,1.0,,,
STK39,,0.6654442679622536,,
STK4,,1.0,,
STOM,,0.4255089998163046,,
STON1,1.0,,,
STON2,,,0.2807192807192807,
STRA6,,,0.6030682744109598,
STRADB,1.0,,,
STUM,,0.6297870353945121,,0.5503510573933109
STXBP1,,0.41097384291101563,,
SULF1,1.0,,0.9648538200635629,
SULF2,,0.17821590174531352,0.16932274075131218,
SULT1B1,,0.9679919508245689,,
SUN2,,1.0,,
SV2B,0.6847751654873316,,0.6198987652818694,
SYAP1,0.8372960372960374,,,
SYN3,,,0.40918403630268035,
SYNE2,,0.6844774442639211,,
SYT1,0.21347073978652928,0.15851774125155418,0.18714618714618717,
SYT13,,0.37413164869812265,,
SYT2,0.4100876499066544,,0.35178745305327586,
SYT6,0.4654720279720279,,,
SYTL1,,0.36397330480170714,0.4140217324574867,
SYTL2,,0.425339217744281,0.4870310412479087,
TAB3,0.2947052947052947,,0.273759298552687,
TAC1,0.3152916447714135,0.25543408204698526,,
TACC1,,,1.0,
TAGAP,,1.0,1.0,
TAGLN,0.6881613961259978,,,
TAGLN2,0.17800381436745075,,0.11615970236659892,
TAP1,,0.12406512406512407,0.11615970236659892,0.07059607059607059
TAP2,,0.13501204677675266,,0.1058941058941059
TAPBP,,0.1778783716283716,0.18830858582411375,
TARBP1,,0.8614975163511374,,
TBC1D30,0.6195673485393112,,0.54091285059027,
TBR1,0.8173386896791153,,,
TBX15,1.0,,1.0,
TBX21,,0.30808118056440204,,
TCEAL2,,1.0,1.0,
TCEAL3,0.9873427915654404,,,
TCEAL4,0.7632677400119262,,0.6761851287398732,
TCEAL7,1.0,,1.0,
TCEAL8,0.7730200833649109,,0.7368881118881119,
TCEAL9,0.8682226864045045,,0.7922030725180331,
TCERG1L,1.0,,1.0,
TCF12,1.0,1.0,,
TCF19,1.0,,1.0,
TCF3,1.0,,,
TCF4,1.0,,1.0,
TCF7,,0.6036703023004393,0.6825331531213885,
TCF7L1,1.0,,,
TCF7L2,,,1.0,
TENM1,0.17800381436745075,,0.1588977060675174,
TES,0.43176740272175956,0.32662529777914395,,
TESPA1,,0.1402625152625153,0.14582819777624972,0.1058941058941059
TET1,1.0,,1.0,
TF,0.49234897943385025,,,
TFAP2A,1.0,,1.0,
TFAP2E,,,1.0,
TFE3,1.0,,1.0,
TFEB,0.7644264132813751,,,
TGFB1,,0.36397330480170714,0.4183870923596951,
TGFB3,,,0.6413313781734835,
TGFBI,,0.22952047952047952,,
TGFBR1,,,1.0,
TGM2,,0.931543529783999,,0.8785288785288785
THBS4,0.28145767276202055,,0.24320380080748746,
THEMIS2,,0.18361638361638363,0.18830858582411375,
THNSL2,1.0,,1.0,
THRA,,,1.0,
THRB,1.0,,,
THSD4,,0.8931566171385177,,
THSD7A,1.0,,1.0,
TIMP2,,,0.273759298552687,
TIMP3,,0.4698165684081177,,
TIMP4,,0.5113877350719457,,
TLE1,1.0,1.0,1.0,
TLE4,1.0,,1.0,
TLN1,,1.0,,
TLR4,,,0.11228771228771228,
TMBIM1,,,0.8970293162927724,
TMC6,,0.931543529783999,1.0,
TMC8,,0.41097384291101563,0.5213358070500929,0.38083017899531657
TMCC2,,,1.0,
TMCC3,0.7115138382744016,,0.6514401628905445,
TMEFF2,0.7446708787191362,,0.6745564971073289,
TMEM100,0.8949885872962796,,0.8067950711807633,
TMEM109,,0.23049716241205606,,
TMEM123,,,1.0,
TMEM132B,1.0,,0.9917274326723146,
TMEM132C,0.37162837162837165,,0.3907087064981802,
TMEM132D,0.3807303807303808,,0.35178745305327586,
TMEM140,,0.5858932320164925,0.6761851287398732,
TMEM158,0.7444168734491315,,0.6463071811909021,
TMEM163,,0.5368445114207826,0.5614385614385614,
TMEM164,0.17800381436745075,,0.21638777888777885,
TMEM173,,0.15851774125155418,0.2047599459364165,
TMEM204,,1.0,,
TMEM268,0.49380222665421225,,,
TMEM45A,,1.0,1.0,
TMEM47,1.0,,1.0,
TMEM59L,,0.5368445114207826,0.6230867172043643,
TMEM65,0.5329407434670592,,0.4870310412479087,
TMEM74B,,0.22101972101972103,,
TMIGD2,,0.5613629724059171,0.6328544254180263,
TMOD1,1.0,,,
TMOD2,,0.8613226032082293,,
TMSB4X,1.0,,1.0,
TMTC2,1.0,,,
TMX4,0.09872480460715755,,0.11228771228771228,
TNF,,0.12406512406512407,,
TNFAIP3,,0.3851722989654024,0.4973115462625952,
TNFAIP6,0.4177320476879948,,,
TNFAIP8L2,,0.6922175169962781,,
TNFRSF12A,,0.28195774263189993,0.3130698297984543,
TNFRSF14,,0.14041252864782278,0.1674465884992201,0.10981610981610981
TNFRSF18,,0.15851774125155418,0.1784705360864301,
TNFRSF1A,,0.13501204677675266,,
TNFRSF1B,,0.2586659372373658,0.31049253776526503,0.18966108518347327
TNFRSF9,,0.22117428026518934,0.27005905486918147,0.18290800108981928
TNFSF10,,0.12406512406512407,0.11228771228771228,
TNNT3,,,0.9917274326723146,
TNR,,0.1927464800392977,,
TNRC18,0.8173386896791153,,,
TNS2,1.0,,1.0,
TNXB,,0.18672852571157658,0.20769981463623083,
TOX2,1.0,,1.0,
TP53,,1.0,,
TP53I3,,0.15851774125155418,,
TPBG,1.0,,1.0,
TPM1,,,1.0,
TPM3,,0.9194521896014433,,
TPP1,,,0.54091285059027,
TPPP,,0.4279780370005934,0.4958499444480753,
TPST2,,,0.4958499444480753,
TRAF1,,0.21982243109003674,0.23611902116575012,
TRAF5,,0.153013653013653,0.2165955871539628,
TRANK1,,1.0,1.0,
TRAPPC9,0.6877146522116936,,,
TRIM14,,0.40227782969718456,0.5213358070500929,
TRIM21,,0.15851774125155418,,0.1357616742232127
TRIM22,,0.2223158007911371,0.22893611243125808,0.17012495701020292
TRIM25,,0.1224109224109224,0.11228771228771228,
TRIM4,0.4249827425793091,,0.4140217324574867,
TRIM48,1.0,,1.0,
TRIM56,,0.54782665893777,,
TRIM61,1.0,,1.0,
TRIM69,,0.261796796953047,0.30348030348030347,0.22389039531896673
TRIM9,,,0.48855951740567133,
TRIOBP,1.0,,,
TRIP6,,0.8503427498717924,,
TRMT1,,,0.6514401628905445,
TROAP,,,1.0,
TRPC3,,,0.11228771228771228,
TRPS1,0.8257801424088439,,,
TRPV2,,0.12406512406512407,0.11228771228771228,
TSC22D3,1.0,,1.0,
TSC22D4,,0.1405227425635589,,
TSHZ2,0.8902861844038316,0.7193219151982039,,
TSPAN13,,0.546658735455416,,
TSPAN18,0.5136500510165991,,0.5184455184455184,
TSPAN2,,0.8134145984308851,,
TSPAN3,,0.14041252864782278,,
TSPAN6,0.8257801424088439,,0.769714156810931,
TSPAN7,0.30248820946495364,0.2864936481957759,0.3300212332470397,
TSPYL2,1.0,,,
TTC17,,0.17821590174531352,,
TTC39A,,,0.45319205216377445,
TTLL10,1.0,,,
TTR,0.22886204704386526,,,
TTYH1,,0.38669926062476206,,
TUB,,1.0,,
TUBA1C,0.502293405519212,0.3923646186216018,0.4925828888093039,
TUBB2A,,0.4432895535836712,,
TUBB4A,,0.3923646186216018,,
TXN,0.1432713627835579,,,
TXNIP,0.32483645386871196,,0.3085769192639422,
TYMP,,0.1580304940960679,,
TYMS,,1.0,,
TYW3,0.2865427255671158,,0.2874565434565434,
UBA1,0.7644264132813751,,0.6825331531213885,
UBC,,0.14041252864782278,,
UBE2A,1.0,,1.0,
UBE2C,,,1.0,
UBE2L6,,0.9498769628639757,1.0,0.9288061336254108
UBL3,1.0,,,
UBN2,,1.0,,
UBXN10,0.3442711135018827,,,
UCP2,0.8257801424088439,,0.7205128205128206,
UNC119,,,0.5696091849938004,
UNC13B,0.5064935064935066,,,
UNC13C,,,0.5047796240456791,
UNC5A,0.5477855477855478,,,
UNC5C,,0.6387397389252677,,
UNC5D,0.7280287280287281,,0.647228979917568,
UPF3B,1.0,,1.0,
USP11,0.773505223382974,,0.7039799578659682,
USP9Y,,0.8746969493920713,0.9452555697397512,0.8211917115142922
UTP14A,1.0,,1.0,
UTP3,,1.0,,
UTRN,,,0.34772968966517354,
UTY,,1.0,1.0,
UXS1,,,0.34720542615279454,
VAMP8,,0.1405227425635589,0.1588977060675174,
VASP,,0.8659021470081378,,
VAV1,,1.0,1.0,1.0
VAV3,1.0,,1.0,
VCAM1,,0.6084961550077829,,
VCAN,,,0.6745564971073289,
VDAC1,,0.2921169739351558,,
VEGFA,0.8257801424088439,0.7250493096646944,0.7847683220107943,
VGF,0.46104093534923574,0.3180283768519062,0.4039812878339791,0.2839358443754048
VGLL2,0.44021552218273524,,0.398022726552986,
VKORC1,,,0.11228771228771228,
VPS18,,,0.17013289740562468,
VSIR,,0.21010829966053846,0.273759298552687,
VSNL1,,0.36830030434681593,,
VSTM2A,0.7644264132813751,,0.7105855227682639,
VWA5B2,,,1.0,
WARS,,0.1932804038067196,0.23213325136402063,0.1599217109421191
WARS2,0.17800381436745075,,,
WAS,,1.0,1.0,
WASHC2C,,0.1224109224109224,0.11228771228771228,
WDFY1,0.32275416890801506,,,
WDR1,,,1.0,
WDR44,0.8902861844038316,,0.8724512897174769,
WDR76,,,,0.8210231327114444
WDSUB1,0.4822043628013778,,,
WIPF1,,1.0,1.0,
WIPF2,1.0,,,
WIPF3,,1.0,,
WNK2,,1.0,,1.0
WNK3,,,1.0,
WNT10B,,,0.1588977060675174,
WNT3,0.17800381436745075,,0.11228771228771228,
WNT5A,0.20786552896644636,0.1774958374958375,0.1768916015491358,0.15193502150023888
WNT7B,0.17800381436745075,,0.15248948582281915,
WSB1,,0.7843216386262744,,
XAF1,,0.5620909702542356,0.6825331531213885,0.48133684497320867
XBP1,,0.1266319887009542,,
XIAP,0.7683631504971455,,0.6906977029999878,
XK,0.8316178203818654,,0.7552903122935697,
XPR1,0.8902861844038316,,0.8454997383568812,
YAP1,,1.0,,
YBX2,,,1.0,
YJEFN3,,,1.0,
YWHAZ,0.22886204704386526,,0.1784705360864301,
ZBED9,0.22756904112836315,,0.2047599459364165,
ZBTB20,,,1.0,
ZBTB8B,,0.5330798234024041,0.5912291789842811,
ZC3HAV1,,0.1778783716283716,0.17013289740562468,0.13312401883830458
ZCCHC12,0.8215149336644664,0.7113933187231617,0.7916815046152585,
ZCCHC18,0.477232690973149,,0.425285885776349,
ZDBF2,,0.9994309487980374,1.0,
ZDHHC11,0.7683631504971455,,,
ZDHHC2,0.6907874733961691,,,
ZDHHC22,1.0,,1.0,
ZDHHC9,0.26853146853146853,,0.23913123913123913,
ZFP36,,1.0,,1.0
ZFP36L1,,1.0,,
ZFP36L2,,1.0,,1.0
ZFPM2,,,1.0,
ZFYVE16,,,1.0,
ZIC4,,,1.0,
ZNF117,1.0,,1.0,
ZNF185,,1.0,,
ZNF22,,,1.0,
ZNF248,1.0,,1.0,
ZNF280D,1.0,,1.0,
ZNF354C,0.17800381436745075,,,
ZNF365,0.9779325732633126,,,
ZNF37A,1.0,,,
ZNF385D,1.0,,1.0,
ZNF449,1.0,,1.0,
ZNF483,,1.0,1.0,
ZNF488,,,0.4958499444480753,
ZNF528,0.6085926852700015,,0.5567205903340358,
ZNF558,1.0,,1.0,
ZNF559,1.0,,,
ZNF562,0.9757301522007406,,0.9263736263736263,
ZNF600,,,0.8030592255944368,
ZNF609,,,0.4836153945064836,
ZNF711,,,1.0,
ZNF75D,0.21168021168021167,,0.2165955871539628,
ZNF785,0.28145767276202055,,,
ZNFX1,,0.5169200364852539,,
ZWINT,,,1.0,
